MEMORY
  total            31.3 MB
  struct          159.0 KB
  buffer          166.7 KB
  arena            31.0 MB, used 0.4%

SIZES
  narena                32505856
  nbuffer               170720
  nplugin               0
  maxuse_stack          79744
  maxuse_arena          125352
  maxuse_con            17
  maxuse_efc            68
  solver_nisland        1
  ncon                  17
  ne                    0
  nf                    0
  nl                    0
  nefc                  68
  nJ                    1068
  nisland               0
  threadpool            0

TIMER
    0:  duration =  0          number = 0
    1:  duration =  3.5        number = 13
    2:  duration =  0          number = 0
    3:  duration =  1.3        number = 13
    4:  duration =  0.099      number = 13
    5:  duration =  0.026      number = 13
    6:  duration =  2          number = 13
    7:  duration =  0          number = 0
    8:  duration =  0.17       number = 13
    9:  duration =  0.34       number = 13
    10:  duration =  0.35       number = 13
    11:  duration =  0.4        number = 13
    12:  duration =  0.001      number = 13
    13:  duration =  0.15       number = 13
    14:  duration =  0.2        number = 13

SOLVER STAT
  solver_nisland = 1
  solver_fwdinv =   0         0       
  ISLAND 0
    solver_niter = 2
    solver_nnz = 4218
      0:  improvement =  35          gradient =  0.0034      lineslope =  5.4e-17 
          nactive = 65   nchange = 3   neval = 3   nupdate = 3
      1:  improvement =  0.0002      gradient =  1.8e-16     lineslope =  0       
          nactive = 65   nchange = 0   neval = 2   nupdate = 0

ENERGY =   0         0       

TIME =  0       

QPOS
   0       
  -0.35    
   0.94    
   0.5     
   0.5     
   0.5     
   0.5     
   0       
   0       
   0       
   0       
   0       
   0       
   0       
   0       
   0       
   0       
   0       
   0       
   0       
   0       
   0       
   0       
   0       
   0       
   0       
   0       
   0       
   0       
   0       
   0       
   0       
   0       
   0       
   0       
   0       
   0       
   0       
   0       
   0       
   0       
   0       
   0       
   0       
   0       
   0       
   0       
   0       
   0       
   0       
   0       
   0       
   0       
   0       
   0       
   0       
   0       
   0       
   0       
   0       
   0       
   0       
   0       
   0       
   0       
   0       
   0       
   0       
   0       
   0       
   0       
   0       
   0       
   0       
   0       
   0       
   0       
   0       
   0       

QVEL
   0       
   0       
   0       
   0       
   0       
   0       
   0       
   0       
   0       
   0       
   0       
   0       
   0       
   0       
   0       
   0       
   0       
   0       
   0       
   0       
   0       
   0       
   0       
   0       
   0       
   0       
   0       
   0       
   0       
   0       
   0       
   0       
   0       
   0       
   0       
   0       
   0       
   0       
   0       
   0       
   0       
   0       
   0       
   0       
   0       
   0       
   0       
   0       
   0       
   0       
   0       
   0       
   0       
   0       
   0       
   0       
   0       
   0       
   0       
   0       
   0       
   0       
   0       
   0       
   0       
   0       
   0       
   0       
   0       
   0       
   0       
   0       
   0       
   0       
   0       
   0       
   0       
   0       

QACC_WARMSTART
  -0.7     
   1.2     
  -2.5     
  -19      
   3.3     
  -31      
   14      
  -2       
   44      
   22      
   2.3     
  -29      
  -58      
  -4.9     
   71      
   3.3     
   1.6     
  -27      
   5.7     
  -1.7     
   12      
   41      
  -6.6     
   53      
  -76      
   4.5     
  -1.1e+02 
   8.9     
  -4       
   50      
   31      
  -3.4     
   56      
   53      
  -3.1     
  -12      
  -84      
   3.1     
  -8.9     
   48      
   0.66    
  -5.9     
  -26      
  -0.51    
   3       
   3.8     
  -2.5     
  -22      
   3.4     
   1.2     
   5.9     
   1.5     
   1       
   12      
   0.57    
   0.45    
   1.4     
   0.21    
   0.081   
   0.33    
   4.6     
   2.4     
   15      
   3.9     
  -1       
  -7.7     
   1.5     
  -1.2     
  -11      
   0.47    
  -0.32    
  -1.1     
   0.2     
  -0.079   
  -0.22    
   25      
   0       
   0       

CTRL
   0       
   0       
   0       
   0       
   0       
   0       
   0       
   0       
   0       
   0       
   0       
   0       
   0       
   0       
   0       
   0       
   0       
   0       
   0       
   0       
   0       
   0       
   0       
   0       
   0       
   0       
   0       
   0       
   0       
   0       
   0       
   0       
   0       
   0       
   0       
   0       
   0       
   0       
   0       
   0       
   0       
   0       
   0       
   0       
   0       
   0       
   0       
   0       
   0       
   0       
   0       
   0       
   0       
   0       
   0       
   0       
   0       
   0       
   0       
   0       
   0       
   0       
   0       
   0       
   0       
   0       
   0       
   0       
   0       
   0       
   0       

QFRC_APPLIED
   0       
   0       
   0       
   0       
   0       
   0       
   0       
   0       
   0       
   0       
   0       
   0       
   0       
   0       
   0       
   0       
   0       
   0       
   0       
   0       
   0       
   0       
   0       
   0       
   0       
   0       
   0       
   0       
   0       
   0       
   0       
   0       
   0       
   0       
   0       
   0       
   0       
   0       
   0       
   0       
   0       
   0       
   0       
   0       
   0       
   0       
   0       
   0       
   0       
   0       
   0       
   0       
   0       
   0       
   0       
   0       
   0       
   0       
   0       
   0       
   0       
   0       
   0       
   0       
   0       
   0       
   0       
   0       
   0       
   0       
   0       
   0       
   0       
   0       
   0       
   0       
   0       
   0       

XFRC_APPLIED
   0         0         0         0         0         0       
   0         0         0         0         0         0       
   0         0         0         0         0         0       
   0         0         0         0         0         0       
   0         0         0         0         0         0       
   0         0         0         0         0         0       
   0         0         0         0         0         0       
   0         0         0         0         0         0       
   0         0         0         0         0         0       
   0         0         0         0         0         0       
   0         0         0         0         0         0       
   0         0         0         0         0         0       
   0         0         0         0         0         0       
   0         0         0         0         0         0       
   0         0         0         0         0         0       
   0         0         0         0         0         0       
   0         0         0         0         0         0       
   0         0         0         0         0         0       
   0         0         0         0         0         0       
   0         0         0         0         0         0       
   0         0         0         0         0         0       
   0         0         0         0         0         0       
   0         0         0         0         0         0       
   0         0         0         0         0         0       
   0         0         0         0         0         0       
   0         0         0         0         0         0       
   0         0         0         0         0         0       
   0         0         0         0         0         0       
   0         0         0         0         0         0       
   0         0         0         0         0         0       

QACC
  -0.7     
   1.2     
  -2.5     
  -19      
   3.3     
  -31      
   14      
  -2       
   44      
   22      
   2.3     
  -29      
  -58      
  -4.9     
   71      
   3.3     
   1.6     
  -27      
   5.7     
  -1.7     
   12      
   41      
  -6.6     
   53      
  -76      
   4.5     
  -1.1e+02 
   8.9     
  -4       
   50      
   31      
  -3.4     
   56      
   53      
  -3.1     
  -12      
  -84      
   3.1     
  -8.9     
   48      
   0.66    
  -5.9     
  -26      
  -0.51    
   3       
   3.8     
  -2.5     
  -22      
   3.4     
   1.2     
   5.9     
   1.5     
   1       
   12      
   0.57    
   0.45    
   1.4     
   0.21    
   0.081   
   0.33    
   4.6     
   2.4     
   15      
   3.9     
  -1       
  -7.7     
   1.5     
  -1.2     
  -11      
   0.47    
  -0.32    
  -1.1     
   0.2     
  -0.079   
  -0.22    
   25      
   0       
   0       

XPOS
   0         0         0       
   0        -0.35      0.94    
  -0.0068   -0.28      0.85    
  -0.011    -0.25      0.47    
  -0.055    -0.26      0.075   
   0.064    -0.23      0.02    
  -0.0043   -0.42      0.85    
  -0.013    -0.46      0.47    
  -0.055    -0.44      0.068   
   0.068    -0.47      0.02    
  -0.027    -0.35      1       
  -0.026    -0.35      1.2     
  -0.0002   -0.35      1.2     
  -0.043    -0.35      1.5     
   0.0082   -0.34      1.5     
  -0.034    -0.27      1.4     
  -0.043    -0.18      1.4     
  -0.071     0.084     1.4     
  -0.072     0.33      1.4     
  -0.087     0.42      1.4     
  -0.039    -0.43      1.4     
  -0.048    -0.52      1.4     
  -0.069    -0.78      1.4     
  -0.075    -1         1.4     
  -0.085    -1.1       1.4     
   0         0         0       
   0         0         0       
   0         0         0       
   0        -1         1.1     
   0         2         0.5     

XQUAT
   1         0         0         0       
   0.5       0.5       0.5       0.5     
   0.5       0.5       0.5       0.5     
   0.5       0.5       0.5       0.5     
   0.5       0.5       0.5       0.5     
   0.5       0.5       0.5       0.5     
   0.5       0.5       0.5       0.5     
   0.5       0.5       0.5       0.5     
   0.5       0.5       0.5       0.5     
   0.5       0.5       0.5       0.5     
   0.5       0.5       0.5       0.5     
   0.5       0.5       0.5       0.5     
   0.5       0.5       0.5       0.5     
   0.5       0.5       0.5       0.5     
   0.5       0.5       0.5       0.5     
   0.5       0.5       0.5       0.5     
   0.5       0.5       0.5       0.5     
   0.5       0.5       0.5       0.5     
   0.5       0.5       0.5       0.5     
   0.5       0.5       0.5       0.5     
   0.5       0.5       0.5       0.5     
   0.5       0.5       0.5       0.5     
   0.5       0.5       0.5       0.5     
   0.5       0.5       0.5       0.5     
   0.5       0.5       0.5       0.5     
   0.71      0.71      0         0       
   0         0         0.71      0.71    
   0         0         1         0       
   1         0         0         0       
   1         0         0         0       

XMAT
   1         0         0         0         1         0         0         0         1       
   0         0         1         1         0         0         0         1         0       
   0         0         1         1         0         0         0         1         0       
   0         0         1         1         0         0         0         1         0       
   0         0         1         1         0         0         0         1         0       
   0         0         1         1         0         0         0         1         0       
   0         0         1         1         0         0         0         1         0       
   0         0         1         1         0         0         0         1         0       
   0         0         1         1         0         0         0         1         0       
   0         0         1         1         0         0         0         1         0       
   0         0         1         1         0         0         0         1         0       
   0         0         1         1         0         0         0         1         0       
   0         0         1         1         0         0         0         1         0       
   0         0         1         1         0         0         0         1         0       
   0         0         1         1         0         0         0         1         0       
   0         0         1         1         0         0         0         1         0       
   0         0         1         1         0         0         0         1         0       
   0         0         1         1         0         0         0         1         0       
   0         0         1         1         0         0         0         1         0       
   0         0         1         1         0         0         0         1         0       
   0         0         1         1         0         0         0         1         0       
   0         0         1         1         0         0         0         1         0       
   0         0         1         1         0         0         0         1         0       
   0         0         1         1         0         0         0         1         0       
   0         0         1         1         0         0         0         1         0       
   1         0         0         0         2.2e-16  -1         0         1         2.2e-16 
  -1         0         0         0        -2.2e-16   1         0         1         2.2e-16 
  -1         0         0         0         1         0         0         0        -1       
   1         0         0         0         1         0         0         0         1       
   1         0         0         0         1         0         0         0         1       

XIPOS
   0         0         0       
  -0.0055   -0.35      0.93    
  -0.009    -0.26      0.66    
  -0.033    -0.25      0.27    
  -0.031    -0.24      0.051   
   0.089    -0.24      0.025   
  -0.0088   -0.44      0.66    
  -0.034    -0.45      0.27    
  -0.03     -0.46      0.051   
   0.091    -0.46      0.025   
  -0.026    -0.35      1.1     
  -0.013    -0.35      1.2     
  -0.019    -0.35      1.3     
  -0.017    -0.35      1.5     
  -0.0034   -0.35      1.6     
  -0.039    -0.22      1.4     
  -0.057    -0.046     1.4     
  -0.071     0.21      1.4     
  -0.079     0.38      1.4     
  -0.093     0.47      1.4     
  -0.043    -0.48      1.4     
  -0.059    -0.65      1.4     
  -0.072    -0.9       1.4     
  -0.08     -1.1       1.4     
  -0.093    -1.2       1.4     
   0         2         2       
   0        -2         2       
   0         0         3       
   0        -1         1.1     
   0         2         0.5     

XIMAT
   1         0         0         0         1         0         0         0         1       
   0         0         1         1         0         0         0         1         0       
   0.091    -1         0.012     0.99      0.089    -0.091     0.089     0.02      1       
  -0.034    -0.99      0.11      1        -0.031     0.034    -0.031     0.11      0.99    
   0         0         1         1         0         0         0         1         0       
   0         0         1         1         0         0         0         1         0       
  -0.099    -0.99      0.023     0.99     -0.096     0.099    -0.096     0.033     0.99    
   0.039    -0.99      0.11      1         0.035    -0.039     0.035     0.11      0.99    
   0         0         1         1         0         0         0         1         0       
   0         0         1         1         0         0         0         1         0       
   0.037     1        -0.0074    1        -0.037    -0.037    -0.037    -0.006    -1       
   0.017     0.9      -0.44      1        -0.027    -0.017    -0.027    -0.44     -0.9     
  -0.0064    0.97      0.25      1         0.005     0.0064    0.005     0.25     -0.97    
   0.062     0.78     -0.62      0.99     -0.13     -0.062    -0.13     -0.61     -0.78    
   0         0         1         1         0         0         0         1         0       
   0.94      0.32      0.092     0.18     -0.27     -0.94     -0.27      0.91     -0.32    
   0.99     -0.048     0.11      0.11      0.044    -0.99      0.044     1         0.048   
   1         0.036     0.0047    0.006    -0.036    -1        -0.036     1        -0.036   
   0.98     -0.095     0.17      0.18      0.079    -0.98      0.079     0.99      0.095   
   0         0         1         1         0         0         0         1         0       
  -0.94      0.32      0.09      0.18      0.28      0.94      0.28      0.91     -0.32    
  -1        -0.052     0.084     0.086    -0.048     1        -0.048     1         0.052   
  -1         0.03      0.022     0.022     0.029     1         0.029     1        -0.03    
  -0.99     -0.072     0.12      0.13     -0.064     0.99     -0.064     1         0.072   
   0         1         0         0         0         1         1         0         0       
   1         0         0         0         2.2e-16  -1         0         1         2.2e-16 
  -1         0         0         0        -2.2e-16   1         0         1         2.2e-16 
  -1         0         0         0         1         0         0         0        -1       
   1         0         0         0         1         0         0         0         1       
   1        -0         0         0         2.2e-16   1        -0        -1         2.2e-16 

XANCHOR
   0        -0.35      0.94    
  -0.0068   -0.28      0.85    
  -0.0068   -0.28      0.85    
  -0.0068   -0.28      0.85    
  -0.011    -0.25      0.47    
  -0.011    -0.25      0.47    
  -0.011    -0.25      0.47    
  -0.055    -0.26      0.075   
  -0.055    -0.26      0.075   
  -0.055    -0.26      0.075   
   0.064    -0.23      0.02    
   0.064    -0.23      0.02    
   0.064    -0.23      0.02    
  -0.0043   -0.42      0.85    
  -0.0043   -0.42      0.85    
  -0.0043   -0.42      0.85    
  -0.013    -0.46      0.47    
  -0.013    -0.46      0.47    
  -0.013    -0.46      0.47    
  -0.055    -0.44      0.068   
  -0.055    -0.44      0.068   
  -0.055    -0.44      0.068   
   0.068    -0.47      0.02    
   0.068    -0.47      0.02    
   0.068    -0.47      0.02    
  -0.027    -0.35      1       
  -0.027    -0.35      1       
  -0.027    -0.35      1       
  -0.026    -0.35      1.2     
  -0.026    -0.35      1.2     
  -0.026    -0.35      1.2     
  -0.0002   -0.35      1.2     
  -0.0002   -0.35      1.2     
  -0.0002   -0.35      1.2     
  -0.043    -0.35      1.5     
  -0.043    -0.35      1.5     
  -0.043    -0.35      1.5     
   0.0082   -0.34      1.5     
   0.0082   -0.34      1.5     
   0.0082   -0.34      1.5     
  -0.034    -0.27      1.4     
  -0.034    -0.27      1.4     
  -0.034    -0.27      1.4     
  -0.043    -0.18      1.4     
  -0.043    -0.18      1.4     
  -0.043    -0.18      1.4     
  -0.071     0.084     1.4     
  -0.071     0.084     1.4     
  -0.071     0.084     1.4     
  -0.072     0.33      1.4     
  -0.072     0.33      1.4     
  -0.072     0.33      1.4     
  -0.087     0.42      1.4     
  -0.087     0.42      1.4     
  -0.087     0.42      1.4     
  -0.039    -0.43      1.4     
  -0.039    -0.43      1.4     
  -0.039    -0.43      1.4     
  -0.048    -0.52      1.4     
  -0.048    -0.52      1.4     
  -0.048    -0.52      1.4     
  -0.069    -0.78      1.4     
  -0.069    -0.78      1.4     
  -0.069    -0.78      1.4     
  -0.075    -1         1.4     
  -0.075    -1         1.4     
  -0.075    -1         1.4     
  -0.085    -1.1       1.4     
  -0.085    -1.1       1.4     
  -0.085    -1.1       1.4     
   0        -1         1.1     
   0        -1         1.1     
   0        -1         1.1     

XAXIS
   0         0         1       
   0         1         0       
   0         0         1       
   1         0         0       
   0         1         0       
   0         0         1       
   1         0         0       
   0         1         0       
   0         0         1       
   1         0         0       
   0         1         0       
   0         0         1       
   1         0         0       
   0         1         0       
   0         0         1       
   1         0         0       
   0         1         0       
   0         0         1       
   1         0         0       
   0         1         0       
   0         0         1       
   1         0         0       
   0         1         0       
   0         0         1       
   1         0         0       
   0         1         0       
   0         0         1       
   1         0         0       
   0         1         0       
   0         0         1       
   1         0         0       
   0         1         0       
   0         0         1       
   1         0         0       
   0         1         0       
   0         0         1       
   1         0         0       
   0         1         0       
   0         0         1       
   1         0         0       
   0         1         0       
   0         0         1       
   1         0         0       
   0         1         0       
   0         0         1       
   1         0         0       
   0         1         0       
   0         0         1       
   1         0         0       
   0         1         0       
   0         0         1       
   1         0         0       
   0         1         0       
   0         0         1       
   1         0         0       
   0         1         0       
   0         0         1       
   1         0         0       
   0         1         0       
   0         0         1       
   1         0         0       
   0         1         0       
   0         0         1       
   1         0         0       
   0         1         0       
   0         0         1       
   1         0         0       
   0         1         0       
   0         0         1       
   1         0         0       
   0         0         1       
   0         1         0       
   1         0         0       

GEOM_XPOS
   0         0         0       
   0        -1         0.5     
  -0.0055   -0.35      0.93    
  -0.009    -0.26      0.66    
  -0.033    -0.25      0.27    
  -0.031    -0.24      0.051   
   0.089    -0.24      0.025   
  -0.0088   -0.44      0.66    
  -0.034    -0.45      0.27    
  -0.03     -0.46      0.051   
   0.091    -0.46      0.025   
  -0.026    -0.35      1.1     
  -0.013    -0.35      1.2     
  -0.019    -0.35      1.3     
  -0.017    -0.35      1.5     
  -0.0034   -0.35      1.6     
  -0.039    -0.22      1.4     
  -0.057    -0.046     1.4     
  -0.071     0.21      1.4     
  -0.079     0.38      1.4     
  -0.093     0.47      1.4     
  -0.043    -0.48      1.4     
  -0.059    -0.65      1.4     
  -0.072    -0.9       1.4     
  -0.08     -1.1       1.4     
  -0.12     -1.2       1.4     
  -0.066    -1.2       1.4     
  -0.12     -1.1       1.4     
  -0.066    -1.1       1.4     
   0         2         2       
   0        -2         2       
   0         0         3       
   0        -1         1.1     
   0         2         0.5     

GEOM_XMAT
   1         0         0         0         1         0         0         0         1       
   1         0         0         0         1         0         0         0         1       
   0         0         1         1         0         0         0         1         0       
   0.091    -1         0.012     0.99      0.089    -0.091     0.089     0.02      1       
  -0.034    -0.99      0.11      1        -0.031     0.034    -0.031     0.11      0.99    
   0         0         1         1         0         0         0         1         0       
   0         0         1         1         0         0         0         1         0       
  -0.099    -0.99      0.023     0.99     -0.096     0.099    -0.096     0.033     0.99    
   0.039    -0.99      0.11      1         0.035    -0.039     0.035     0.11      0.99    
   0         0         1         1         0         0         0         1         0       
   0         0         1         1         0         0         0         1         0       
   0.037     1        -0.0074    1        -0.037    -0.037    -0.037    -0.006    -1       
   0.017     0.9      -0.44      1        -0.027    -0.017    -0.027    -0.44     -0.9     
  -0.0064    0.97      0.25      1         0.005     0.0064    0.005     0.25     -0.97    
   0.062     0.78     -0.62      0.99     -0.13     -0.062    -0.13     -0.61     -0.78    
   0         0         1         1         0         0         0         1         0       
   0.94      0.32      0.092     0.18     -0.27     -0.94     -0.27      0.91     -0.32    
   0.99     -0.048     0.11      0.11      0.044    -0.99      0.044     1         0.048   
   1         0.036     0.0047    0.006    -0.036    -1        -0.036     1        -0.036   
   0.98     -0.095     0.17      0.18      0.079    -0.98      0.079     0.99      0.095   
   0         0         1         1         0         0         0         1         0       
  -0.94      0.32      0.09      0.18      0.28      0.94      0.28      0.91     -0.32    
  -1        -0.052     0.084     0.086    -0.048     1        -0.048     1         0.052   
  -1         0.03      0.022     0.022     0.029     1         0.029     1        -0.03    
  -0.99     -0.072     0.12      0.13     -0.064     0.99     -0.064     1         0.072   
   0         0         1         1         0         0         0         1         0       
   0         0         1         1         0         0         0         1         0       
   0         0         1         1         0         0         0         1         0       
   0         0         1         1         0         0         0         1         0       
   1         0         0         0         2.2e-16  -1         0         1         2.2e-16 
  -1         0         0         0        -2.2e-16   1         0         1         2.2e-16 
  -1         0         0         0         1         0         0         0        -1       
   1         0         0         0         1         0         0         0         1       
   1        -0         0         0         2.2e-16   1        -0        -1         2.2e-16 

SITE_XPOS
  -0.055    -0.26      0.075   
  -0.055    -0.44      0.068   
  -0.043    -0.18      1.4     
  -0.071     0.084     1.4     
  -0.087     0.42      1.4     
  -0.048    -0.52      1.4     
  -0.069    -0.78      1.4     
  -0.085    -1.1       1.4     
   0        -1         1       
   0        -1         1.1     
   0        -1         1.1     
   0         1.9       0.5     

SITE_XMAT
   0         0         1         1         0         0         0         1         0       
   0         0         1         1         0         0         0         1         0       
   0         0         1         1         0         0         0         1         0       
   0         0         1         1         0         0         0         1         0       
   0         0         1         1         0         0         0         1         0       
   0         0         1         1         0         0         0         1         0       
   0         0         1         1         0         0         0         1         0       
   0         0         1         1         0         0         0         1         0       
   1         0         0         0         1         0         0         0         1       
   1         0         0         0         1         0         0         0         1       
   1         0         0         0         1         0         0         0         1       
   1         0         0         0         1         0         0         0         1       

CAM_XPOS
   9         0         0       

CAM_XMAT
   0         0         1         1         0         0         0         1         0       

LIGHT_XPOS
   0         0         1.3     

LIGHT_XDIR
  -0         0        -1       

SUBTREE_COM
  -0.0036    1.6       0.59    
  -0.019    -0.35      0.97    
  -0.016    -0.26      0.5     
  -0.028    -0.25      0.23    
  -0.008    -0.24      0.046   
   0.089    -0.24      0.025   
  -0.016    -0.44      0.5     
  -0.029    -0.45      0.22    
  -0.0066   -0.46      0.046   
   0.091    -0.46      0.025   
  -0.029    -0.35      1.3     
  -0.029    -0.35      1.4     
  -0.032    -0.35      1.4     
  -0.0052   -0.35      1.6     
  -0.0034   -0.35      1.6     
  -0.059     0.017     1.4     
  -0.065     0.093     1.4     
  -0.075     0.27      1.4     
  -0.084     0.41      1.4     
  -0.093     0.47      1.4     
  -0.061    -0.72      1.4     
  -0.066    -0.79      1.4     
  -0.076    -0.97      1.4     
  -0.085    -1.1       1.4     
  -0.093    -1.2       1.4     
   0         2         2       
   0        -2         2       
   0         0         3       
   0        -1         1.1     
   0         2         0.5     

CDOF
   0         0         0         1         0         0       
   0         0         0         0         1         0       
   0         0         0         0         0         1       
   0         1         0         0.028    -0         0.019   
   0         0         1        -0.00036  -0.019     0       
   1         0         0         0        -0.028     0.00036 
   0         1         0         0.12     -0         0.013   
   0         0         1         0.069    -0.013     0       
   1         0         0         0        -0.12     -0.069   
   0         1         0         0.49     -0         0.0081  
   0         0         1         0.1      -0.0081    0       
   1         0         0         0        -0.49     -0.1     
   0         1         0         0.89      0        -0.036   
   0         0         1         0.09      0.036    -0       
   1         0         0         0        -0.89     -0.09    
   0         1         0         0.95     -0         0.084   
   0         0         1         0.12     -0.084     0       
   1         0         0         0        -0.95     -0.12    
   0         1         0         0.12     -0         0.015   
   0         0         1        -0.068    -0.015     0       
   1         0         0         0        -0.12      0.068   
   0         1         0         0.5      -0         0.0062  
   0         0         1        -0.11     -0.0062    0       
   1         0         0         0        -0.5       0.11    
   0         1         0         0.9       0        -0.036   
   0         0         1        -0.091     0.036     0       
   1         0         0         0        -0.9       0.091   
   0         1         0         0.95     -0         0.087   
   0         0         1        -0.12     -0.087     0       
   1         0         0         0        -0.95      0.12    
   0         1         0        -0.081     0        -0.0073  
   0         0         1        -0.0029    0.0073    0       
   1         0         0        -0         0.081     0.0029  
   0         1         0        -0.22      0        -0.0062  
   0         0         1         0.0026    0.0062   -0       
   1         0         0         0         0.22     -0.0026  
   0         1         0        -0.27      0         0.019   
   0         0         1         0.0041   -0.019     0       
   1         0         0         0         0.27     -0.0041  
   0         1         0        -0.48      0        -0.024   
   0         0         1         0.0013    0.024    -0       
   1         0         0         0         0.48     -0.0013  
   0         1         0        -0.55      0         0.028   
   0         0         1         0.0065   -0.028     0       
   1         0         0         0         0.55     -0.0065  
   0         1         0        -0.39      0        -0.015   
   0         0         1         0.083     0.015    -0       
   1         0         0         0         0.39     -0.083   
   0         1         0        -0.42      0        -0.024   
   0         0         1         0.17      0.024    -0       
   1         0         0         0         0.42     -0.17    
   0         1         0        -0.41      0        -0.051   
   0         0         1         0.43      0.051    -0       
   1         0         0         0         0.41     -0.43    
   0         1         0        -0.42      0        -0.052   
   0         0         1         0.68      0.052    -0       
   1         0         0         0         0.42     -0.68    
   0         1         0        -0.41      0        -0.067   
   0         0         1         0.77      0.067    -0       
   1         0         0         0         0.41     -0.77    
   0         1         0        -0.39      0        -0.019   
   0         0         1        -0.078     0.019     0       
   1         0         0        -0         0.39      0.078   
   0         1         0        -0.42      0        -0.028   
   0         0         1        -0.17      0.028     0       
   1         0         0        -0         0.42      0.17    
   0         1         0        -0.41      0        -0.05    
   0         0         1        -0.43      0.05      0       
   1         0         0        -0         0.41      0.43    
   0         1         0        -0.41      0        -0.055   
   0         0         1        -0.68      0.055     0       
   1         0         0        -0         0.41      0.68    
   0         1         0        -0.41      0        -0.066   
   0         0         1        -0.77      0.066     0       
   1         0         0        -0         0.41      0.77    
   0         0         0         0         0         1       
   0         0         0         0         1         0       
   1         0         0         0         0         1.1e-16 

CINERT
   0         0         0         0         0         0         0         0         0         0       
   0.12      0.095     0.1       8.2e-05   0.0091   -0.00024   0.23     -0.0059   -0.65      16      
   0.83      0.77      0.07     -0.0066    0.023     0.2       0.078     0.64     -2.3       7.5     
   1.8       1.7       0.039     0.0046   -0.037     0.24     -0.049     0.34     -2.5       3.5     
   0.58      0.58      0.011     0.00088  -0.0071    0.071    -0.0078    0.077    -0.63      0.68    
   0.14      0.14      0.0042   -0.002     0.016     0.017     0.017     0.018    -0.15      0.16    
   0.83      0.77      0.07      0.0067    0.023    -0.2       0.078    -0.64     -2.3       7.3     
   1.8       1.8       0.04     -0.0051   -0.04     -0.24     -0.053    -0.35     -2.5       3.5     
   0.59      0.59      0.011    -0.00081  -0.0067   -0.071    -0.0073   -0.078    -0.64      0.69    
   0.15      0.15      0.0043    0.002     0.017    -0.018     0.018    -0.019    -0.16      0.17    
   0.11      0.11      0.011    -3.6e-06   0.0044    4e-05    -0.03     -0.0005    0.65      4.4     
   0.24      0.24      0.0093   -8.9e-05  -0.0063   -0.0032    0.025     0.013     0.95      3.9     
   1.2       1.2       0.04     -4.4e-06   0.0008   -0.011    -0.00017   0.031     3.3       9.6     
   0.17      0.17      0.00072  -2.1e-05  -0.00088  -0.0013    0.0013    0.0025    0.33      0.64    
   1.8       1.8       0.015    -0.00016  -0.044    -0.0064    0.069     0.01      2.8       4.3     
   0.2       0.18      0.02      0.0028    0.0085   -0.057    -0.021     0.14      0.44      1.1     
   0.51      0.33      0.19      0.022     0.029    -0.24     -0.071     0.58      0.79      1.9     
   0.51      0.18      0.33      0.03      0.022    -0.24     -0.054     0.59      0.43      1       
   0.21      0.052     0.16      0.013     0.0074   -0.089    -0.018     0.22      0.12      0.3     
   0.13      0.028     0.11      0.0095    0.0048   -0.053    -0.012     0.13      0.065     0.16    
   0.19      0.18      0.019    -0.0033    0.01      0.054    -0.025    -0.13      0.43      1.1     
   0.53      0.35      0.19     -0.024     0.032     0.25     -0.078    -0.6       0.82      2       
   0.52      0.19      0.34     -0.032     0.023     0.25     -0.057    -0.6       0.45      1.1     
   0.22      0.055     0.17     -0.014     0.0079    0.094    -0.019    -0.23      0.13      0.32    
   0.14      0.028     0.11     -0.0099    0.0049    0.055    -0.012    -0.13      0.067     0.16    
   0         0         0         0         0         0         0         0         0         0       
   0         0         0         0         0         0         0         0         0         0       
   0         0         0         0         0         0         0         0         0         0       
   5.7e-05   5.7e-05   5.7e-05   0         0         0         0        -6.3e-18   0         0.057   
   79        1.6e+02   79        0         0         1.7e-14   0         0         0         3.1e+02 

ACTUATOR_LENGTH
   0       
   0       
   0       
   0       
   0       
   0       
   0       
   0       
   0       
   0       
   0       
   0       
   0       
   0       
   0       
   0       
   0       
   0       
   0       
   0       
   0       
   0       
   0       
   0       
   0       
   0       
   0       
   0       
   0       
   0       
   0       
   0       
   0       
   0       
   0       
   0       
   0       
   0       
   0       
   0       
   0       
   0       
   0       
   0       
   0       
   0       
   0       
   0       
   0       
   0       
   0       
   0       
   0       
   0       
   0       
   0       
   0       
   0       
   0       
   0       
   0       
   0       
   0       
   0       
   0       
   0       
   0       
   0       
   0       
   0       
   0       

actuator_moment
--------------------------------------------------------------------------------
       x                                                                        |
        x                                                                       |
         x                                                                      |
          x                                                                     |
           x                                                                    |
            x                                                                   |
             x                                                                  |
              x                                                                 |
               x                                                                |
                x                                                               |
                 x                                                              |
                  x                                                             |
                   x                                                            |
                    x                                                           |
                     x                                                          |
                      x                                                         |
                       x                                                        |
                        x                                                       |
                         x                                                      |
                          x                                                     |
                           x                                                    |
                            x                                                   |
                             x                                                  |
                              x                                                 |
                               x                                                |
                                x                                               |
                                 x                                              |
                                  x                                             |
                                   x                                            |
                                    x                                           |
                                     x                                          |
                                      x                                         |
                                       x                                        |
                                        x                                       |
                                         x                                      |
                                          x                                     |
                                           x                                    |
                                            x                                   |
                                             x                                  |
                                              x                                 |
                                               x                                |
                                                x                               |
                                                 x                              |
                                                  x                             |
                                                   x                            |
                                                    x                           |
                                                     x                          |
                                                      x                         |
                                                       x                        |
                                                        x                       |
                                                         x                      |
                                                          x                     |
                                                           x                    |
                                                            x                   |
                                                             x                  |
                                                              x                 |
                                                               x                |
                                                                x               |
                                                                 x              |
                                                                  x             |
                                                                   x            |
                                                                    x           |
                                                                     x          |
                                                                      x         |
                                                                       x        |
                                                                        x       |
                                                                         x      |
                                                                          x     |
                                                                           x    |
                                                                                |
                                                                                |
--------------------------------------------------------------------------------

ACTUATOR_MOMENT
    6:  1       
    7:  1       
    8:  1       
    9:  1       
    10:  1       
    11:  1       
    12:  1       
    13:  1       
    14:  1       
    15:  1       
    16:  1       
    17:  1       
    18:  1       
    19:  1       
    20:  1       
    21:  1       
    22:  1       
    23:  1       
    24:  1       
    25:  1       
    26:  1       
    27:  1       
    28:  1       
    29:  1       
    30:  1       
    31:  1       
    32:  1       
    33:  1       
    34:  1       
    35:  1       
    36:  1       
    37:  1       
    38:  1       
    39:  1       
    40:  1       
    41:  1       
    42:  1       
    43:  1       
    44:  1       
    45:  1       
    46:  1       
    47:  1       
    48:  1       
    49:  1       
    50:  1       
    51:  1       
    52:  1       
    53:  1       
    54:  1       
    55:  1       
    56:  1       
    57:  1       
    58:  1       
    59:  1       
    60:  1       
    61:  1       
    62:  1       
    63:  1       
    64:  1       
    65:  1       
    66:  1       
    67:  1       
    68:  1       
    69:  1       
    70:  1       
    71:  1       
    72:  1       
    73:  1       
    74:  1       
  
  

CRB
   0         0         0         0         0         0         0         0         0         0       
   13        12        2.1      -0.0053    0.1      -0.013    -5.1e-16  -3.8e-15  -8.9e-16   72      
   3.3       3.2       0.12     -0.0031   -0.0042    0.53      0.039     1.1      -5.5       12      
   2.5       2.5       0.054     0.0035   -0.027     0.32     -0.039     0.44     -3.2       4.4     
   0.73      0.72      0.015    -0.0011    0.0093    0.088     0.0096    0.096    -0.78      0.84    
   0.14      0.14      0.0042   -0.002     0.016     0.017     0.017     0.018    -0.15      0.16    
   3.4       3.3       0.13      0.0028   -0.0063   -0.54      0.036    -1.1      -5.6       12      
   2.6       2.5       0.056    -0.0039   -0.029    -0.33     -0.042    -0.45     -3.3       4.4     
   0.74      0.74      0.015     0.0012    0.011    -0.089     0.011    -0.096    -0.79      0.86    
   0.15      0.15      0.0043    0.002     0.017    -0.018     0.018    -0.019    -0.16      0.17    
   6.6       5         1.7      -0.0051    0.11     -0.0044   -0.3       0.0082    12        32      
   6.5       4.9       1.7      -0.0051    0.1      -0.0044   -0.27      0.0087    11        28      
   6.3       4.7       1.7      -0.005     0.11     -0.0012   -0.3      -0.0045    10        24      
   1.9       1.9       0.015    -0.00018  -0.045    -0.0077    0.071     0.013     3.1       5       
   1.8       1.8       0.015    -0.00016  -0.044    -0.0064    0.069     0.01      2.8       4.3     
   1.6       0.77      0.81      0.078     0.073    -0.68     -0.18      1.6       1.8       4.5     
   1.4       0.59      0.79      0.075     0.064    -0.62     -0.16      1.5       1.4       3.4     
   0.85      0.26      0.6       0.053     0.035    -0.38     -0.084     0.93      0.62      1.5     
   0.34      0.08      0.27      0.022     0.012    -0.14     -0.03      0.35      0.19      0.46    
   0.13      0.028     0.11      0.0095    0.0048   -0.053    -0.012     0.13      0.065     0.16    
   1.6       0.79      0.83     -0.083     0.079     0.7      -0.19     -1.7       1.9       4.6     
   1.4       0.62      0.81     -0.08      0.068     0.64     -0.17     -1.6       1.5       3.5     
   0.88      0.27      0.62     -0.056     0.036     0.4      -0.088    -0.97      0.64      1.6     
   0.36      0.083     0.28     -0.024     0.013     0.15     -0.031    -0.36      0.2       0.48    
   0.14      0.028     0.11     -0.0099    0.0049    0.055    -0.012    -0.13      0.067     0.16    
   0         0         0         0         0         0         0         0         0         0       
   0         0         0         0         0         0         0         0         0         0       
   0         0         0         0         0         0         0         0         0         0       
   5.7e-05   5.7e-05   5.7e-05   0         0         0         0        -6.3e-18   0         0.057   
   79        1.6e+02   79        0         0         1.7e-14   0         0         0         3.1e+02 

QM
   72        0         0         2        -0.026     0        -4.1      -0.26      0        -1.1       0.016     0        -0.024    -0.02      0         0.00088   0.00048   0        -4.2       0.29      0        -1.1      -0.023     0        -0.019     0.018     0         0.00075  -0.0007    0         9.1      -0.1       0         5.1       0.064     0         3.8       0.1       0         0.68     -0.006     0         0.38      0.018     0         0.095    -1.3       0        -0.025    -0.92      0         0.0065   -0.28      0        -0.0024   -0.034     0         0.00016  -0.0079    0         0.1       1.3       0        -0.028     0.95      0         0.0059    0.3       0        -0.0021    0.035     0        -0.00015   0.0076    0         0         0         0       
   0         72        0         0        -1.4      -2         0        -0.11      4.1       0        -0.075     1.1       0         0.04      0.024     0         0.004    -0.00088   0        -0.14      4.2       0        -0.069     1.1       0         0.042     0.019     0         0.0038   -0.00075   0        -0.069    -9.1       0        -0.1      -5.1       0        -0.75     -3.8       0         0.19     -0.68      0        -0.05     -0.38      0        -0.11     -0.095     0        -0.074     0.025     0        -0.0067   -0.0065    0        -0.0055    0.0024    0        -0.00092  -0.00016   0        -0.1      -0.1       0        -0.065     0.028     0        -0.01     -0.0059    0        -0.0046    0.0021    0        -0.0013    0.00015   0         0         0       
   0         0         72        1.4       0         0.026     0.11      0         0.26      0.075     0        -0.016    -0.04      0         0.02     -0.004     0        -0.00048   0.14      0        -0.29      0.069     0         0.023    -0.042     0        -0.018    -0.0038    0         0.0007    0.069     0         0.1       0.1       0        -0.064     0.75      0        -0.1      -0.19      0         0.006     0.05      0        -0.018     0.11      0         1.3       0.074     0         0.92      0.0067    0         0.28      0.0055    0         0.034     0.00092   0         0.0079    0.1       0        -1.3       0.065     0        -0.95      0.01      0        -0.3       0.0046    0        -0.035     0.0013    0        -0.0076    0         0         0       
   2         0         1.4       12       -0.014    -0.0048    2.5       0.14      0.0046    0.83     -0.0096   -0.00084   0.026     0.018     0.00016  -0.0003   -0.00044   4.3e-05   2.5      -0.15     -0.0052    0.84      0.016     0.001     0.021    -0.016    -0.00012  -0.00018   0.00064  -6.3e-05   4.4      -0.041    -0.0023    2.7       0.027    -0.007     2.1       0.044    -0.0082    0.48     -0.0038    2.7e-05   0.28      0.012    -6.2e-05   0.054    -0.56      0.088    -0.0022   -0.4       0.066     0.0046   -0.12      0.022    -0.00024  -0.015     0.003     0.00032  -0.0034    0.00073   0.058     0.59     -0.094    -0.0039    0.42     -0.069     0.0046    0.13     -0.024    -0.00018   0.015    -0.0031    0.00023   0.0033   -0.00071   0         0         0       
  -0.026    -1.4       0        -0.014     2.1       0.14      0.4       0.051    -0.089     0.11      0.011    -0.029     0.0028    0.0062    0.00022  -0.0001    0.00055  -7.9e-05  -0.41      0.054    -0.091    -0.11      0.01     -0.029    -0.0022    0.0062    0.00029   8.3e-05   0.00053  -6.8e-05  -0.0071    1.7       0.26     -0.0044    1.7       0.14     -0.0038    1.7       0.1      -0.0019    0.013     0.0024   -0.001     0.014     0.0013   -0.037     0.67      0.0057    0.012     0.52     -0.0017   -0.004     0.19      0.00048   0.0018    0.028    -0.0002   -0.00013   0.0068    1.5e-05   0.04      0.7       0.0065   -0.014     0.54     -0.002     0.0036    0.2       0.00044  -0.0016    0.028    -0.00019  -0.00012   0.0066   -1.4e-05   0         0         0       
   0        -2         0.026    -0.0048    0.14      14        0.011    -0.071     2.5       0.0071   -0.052     0.82     -0.0045    0.036     0.025    -0.00045   0.0036   -0.00072  -0.014    -0.086     2.5      -0.0066   -0.048     0.83      0.0047    0.038     0.021     0.00042   0.0035   -0.00061  -0.0051    0.022     5.9      -0.0051    0.035     4.3      -0.0048    0.32      3.7      -0.00055  -0.12      0.48      0.00014   0.033     0.28      0.054     0.048     0.7       0.039     0.033     0.51      0.0051    0.0029    0.19      0.0043    0.0024    0.026     0.00075   0.00041   0.0067   -0.05      0.045     0.74     -0.035     0.029     0.52     -0.0074    0.0045    0.2      -0.0036    0.002     0.027    -0.0011    0.00057   0.0063    0         0         0       
  -4.1       0         0.11      2.5       0.4       0.011     2.1       0.11      0.0029    0.73     -0.0082   -0.00073   0.024     0.016     2.2e-05  -0.00019  -0.0004    4.6e-05   0         0         0         0         0         0         0         0         0         0         0         0         0         0         0         0         0         0         0         0         0         0         0         0         0         0         0         0         0         0         0         0         0         0         0         0         0         0         0         0         0         0         0         0         0         0         0         0         0         0         0         0         0         0         0         0         0         0         0         0       
  -0.26     -0.11      0         0.14      0.051    -0.071     0.11      0.042    -0.061     0.034     0.011    -0.022     0.0011    0.0051    0.00038  -3.9e-05   0.00061  -8.5e-05   0         0         0         0         0         0         0         0         0         0         0         0         0         0         0         0         0         0         0         0         0         0         0         0         0         0         0         0         0         0         0         0         0         0         0         0         0         0         0         0         0         0         0         0         0         0         0         0         0         0         0         0         0         0         0         0         0         0         0         0       
   0         4.1       0.26      0.0046   -0.089     2.5       0.0029   -0.061     2.1       0.0019   -0.045     0.73     -0.0017    0.032     0.022    -0.00018   0.0033   -0.0006    0         0         0         0         0         0         0         0         0         0         0         0         0         0         0         0         0         0         0         0         0         0         0         0         0         0         0         0         0         0         0         0         0         0         0         0         0         0         0         0         0         0         0         0         0         0         0         0         0         0         0         0         0         0         0         0         0         0         0         0       
  -1.1       0         0.075     0.83      0.11      0.0071    0.73      0.034     0.0019    0.34     -0.0022   -0.00066   0.015     0.0084   -6.6e-05   0.00016  -0.00022   4.8e-05   0         0         0         0         0         0         0         0         0         0         0         0         0         0         0         0         0         0         0         0         0         0         0         0         0         0         0         0         0         0         0         0         0         0         0         0         0         0         0         0         0         0         0         0         0         0         0         0         0         0         0         0         0         0         0         0         0         0         0         0       
   0.016    -0.075     0        -0.0096    0.011    -0.052    -0.0082    0.011    -0.045    -0.0022    0.022    -0.017     0.00024   0.0046    0.00049  -8.7e-06   0.00065  -8.9e-05   0         0         0         0         0         0         0         0         0         0         0         0         0         0         0         0         0         0         0         0         0         0         0         0         0         0         0         0         0         0         0         0         0         0         0         0         0         0         0         0         0         0         0         0         0         0         0         0         0         0         0         0         0         0         0         0         0         0         0         0       
   0         1.1      -0.016    -0.00084  -0.029     0.82     -0.00073  -0.022     0.73     -0.00066  -0.017     0.34     -0.00039   0.017     0.012    -3.9e-05   0.0018   -0.00026   0         0         0         0         0         0         0         0         0         0         0         0         0         0         0         0         0         0         0         0         0         0         0         0         0         0         0         0         0         0         0         0         0         0         0         0         0         0         0         0         0         0         0         0         0         0         0         0         0         0         0         0         0         0         0         0         0         0         0         0       
  -0.024     0        -0.04      0.026     0.0028   -0.0045    0.024     0.0011   -0.0017    0.015     0.00024  -0.00039   0.017     0.00057  -0.00093   0.00068  -2.4e-05   6.9e-05   0         0         0         0         0         0         0         0         0         0         0         0         0         0         0         0         0         0         0         0         0         0         0         0         0         0         0         0         0         0         0         0         0         0         0         0         0         0         0         0         0         0         0         0         0         0         0         0         0         0         0         0         0         0         0         0         0         0         0         0       
  -0.02      0.04      0         0.018     0.0062    0.036     0.016     0.0051    0.032     0.0084    0.0046    0.017     0.00057   0.017     0.0016   -2.1e-05   0.00082  -0.00013   0         0         0         0         0         0         0         0         0         0         0         0         0         0         0         0         0         0         0         0         0         0         0         0         0         0         0         0         0         0         0         0         0         0         0         0         0         0         0         0         0         0         0         0         0         0         0         0         0         0         0         0         0         0         0         0         0         0         0         0       
   0         0.024     0.02      0.00016   0.00022   0.025     2.2e-05   0.00038   0.022    -6.6e-05   0.00049   0.012    -0.00093   0.0016    0.012    -9.3e-05   0.0002    8.8e-05   0         0         0         0         0         0         0         0         0         0         0         0         0         0         0         0         0         0         0         0         0         0         0         0         0         0         0         0         0         0         0         0         0         0         0         0         0         0         0         0         0         0         0         0         0         0         0         0         0         0         0         0         0         0         0         0         0         0         0         0       
   0.00088   0        -0.004    -0.0003   -0.0001   -0.00045  -0.00019  -3.9e-05  -0.00018   0.00016  -8.7e-06  -3.9e-05   0.00068  -2.1e-05  -9.3e-05   0.01      2.6e-06   1.2e-05   0         0         0         0         0         0         0         0         0         0         0         0         0         0         0         0         0         0         0         0         0         0         0         0         0         0         0         0         0         0         0         0         0         0         0         0         0         0         0         0         0         0         0         0         0         0         0         0         0         0         0         0         0         0         0         0         0         0         0         0       
   0.00048   0.004     0        -0.00044   0.00055   0.0036   -0.0004    0.00061   0.0033   -0.00022   0.00065   0.0018   -2.4e-05   0.00082   0.0002    2.6e-06   0.01     -2.2e-05   0         0         0         0         0         0         0         0         0         0         0         0         0         0         0         0         0         0         0         0         0         0         0         0         0         0         0         0         0         0         0         0         0         0         0         0         0         0         0         0         0         0         0         0         0         0         0         0         0         0         0         0         0         0         0         0         0         0         0         0       
   0        -0.00088  -0.00048   4.3e-05  -7.9e-05  -0.00072   4.6e-05  -8.5e-05  -0.0006    4.8e-05  -8.9e-05  -0.00026   6.9e-05  -0.00013   8.8e-05   1.2e-05  -2.2e-05   0.01      0         0         0         0         0         0         0         0         0         0         0         0         0         0         0         0         0         0         0         0         0         0         0         0         0         0         0         0         0         0         0         0         0         0         0         0         0         0         0         0         0         0         0         0         0         0         0         0         0         0         0         0         0         0         0         0         0         0         0         0       
  -4.2       0         0.14      2.5      -0.41     -0.014     0         0         0         0         0         0         0         0         0         0         0         0         2.1      -0.12     -0.004     0.74      0.014     0.00094   0.02     -0.015    -4.3e-05  -9.9e-05   0.00058  -6.6e-05   0         0         0         0         0         0         0         0         0         0         0         0         0         0         0         0         0         0         0         0         0         0         0         0         0         0         0         0         0         0         0         0         0         0         0         0         0         0         0         0         0         0         0         0         0         0         0         0       
   0.29     -0.14      0        -0.15      0.054    -0.086     0         0         0         0         0         0         0         0         0         0         0         0        -0.12      0.044    -0.074    -0.036     0.011    -0.024    -0.00084   0.0052    0.00038   3.3e-05   0.00059  -7.1e-05   0         0         0         0         0         0         0         0         0         0         0         0         0         0         0         0         0         0         0         0         0         0         0         0         0         0         0         0         0         0         0         0         0         0         0         0         0         0         0         0         0         0         0         0         0         0         0         0       
   0         4.2      -0.29     -0.0052   -0.091     2.5       0         0         0         0         0         0         0         0         0         0         0         0        -0.004    -0.074     2.1      -0.0019   -0.042     0.73      0.0018    0.034     0.018     0.00016   0.0031   -0.00049   0         0         0         0         0         0         0         0         0         0         0         0         0         0         0         0         0         0         0         0         0         0         0         0         0         0         0         0         0         0         0         0         0         0         0         0         0         0         0         0         0         0         0         0         0         0         0         0       
  -1.1       0         0.069     0.84     -0.11     -0.0066    0         0         0         0         0         0         0         0         0         0         0         0         0.74     -0.036    -0.0019    0.34      0.0047    0.00073   0.013    -0.0077    0.00012   0.00022   0.00031  -7.2e-05   0         0         0         0         0         0         0         0         0         0         0         0         0         0         0         0         0         0         0         0         0         0         0         0         0         0         0         0         0         0         0         0         0         0         0         0         0         0         0         0         0         0         0         0         0         0         0         0       
  -0.023    -0.069     0         0.016     0.01     -0.048     0         0         0         0         0         0         0         0         0         0         0         0         0.014     0.011    -0.042     0.0047    0.022    -0.015    -0.0001    0.0049    0.00055   4e-06     0.00065  -7.8e-05   0         0         0         0         0         0         0         0         0         0         0         0         0         0         0         0         0         0         0         0         0         0         0         0         0         0         0         0         0         0         0         0         0         0         0         0         0         0         0         0         0         0         0         0         0         0         0         0       
   0         1.1       0.023     0.001    -0.029     0.83      0         0         0         0         0         0         0         0         0         0         0         0         0.00094  -0.024     0.73      0.00073  -0.015     0.34      0.00023   0.018     0.0095    2e-05     0.0017   -0.00018   0         0         0         0         0         0         0         0         0         0         0         0         0         0         0         0         0         0         0         0         0         0         0         0         0         0         0         0         0         0         0         0         0         0         0         0         0         0         0         0         0         0         0         0         0         0         0         0       
  -0.019     0        -0.042     0.021    -0.0022    0.0047    0         0         0         0         0         0         0         0         0         0         0         0         0.02     -0.00084   0.0018    0.013    -0.0001    0.00023   0.017    -0.00041   0.00089   0.00068   3e-05    -0.0001    0         0         0         0         0         0         0         0         0         0         0         0         0         0         0         0         0         0         0         0         0         0         0         0         0         0         0         0         0         0         0         0         0         0         0         0         0         0         0         0         0         0         0         0         0         0         0         0       
   0.018     0.042     0        -0.016     0.0062    0.038     0         0         0         0         0         0         0         0         0         0         0         0        -0.015     0.0052    0.034    -0.0077    0.0049    0.018    -0.00041   0.017     0.0014    1.6e-05   0.0008   -0.00011   0         0         0         0         0         0         0         0         0         0         0         0         0         0         0         0         0         0         0         0         0         0         0         0         0         0         0         0         0         0         0         0         0         0         0         0         0         0         0         0         0         0         0         0         0         0         0         0       
   0         0.019    -0.018    -0.00012   0.00029   0.021     0         0         0         0         0         0         0         0         0         0         0         0        -4.3e-05   0.00038   0.018     0.00012   0.00055   0.0095    0.00089   0.0014    0.012     8e-05     0.00016   0.00011   0         0         0         0         0         0         0         0         0         0         0         0         0         0         0         0         0         0         0         0         0         0         0         0         0         0         0         0         0         0         0         0         0         0         0         0         0         0         0         0         0         0         0         0         0         0         0         0       
   0.00075   0        -0.0038   -0.00018   8.3e-05   0.00042   0         0         0         0         0         0         0         0         0         0         0         0        -9.9e-05   3.3e-05   0.00016   0.00022   4e-06     2e-05     0.00068   1.6e-05   8e-05     0.01     -3.1e-06  -1.6e-05   0         0         0         0         0         0         0         0         0         0         0         0         0         0         0         0         0         0         0         0         0         0         0         0         0         0         0         0         0         0         0         0         0         0         0         0         0         0         0         0         0         0         0         0         0         0         0         0       
  -0.0007    0.0038    0         0.00064   0.00053   0.0035    0         0         0         0         0         0         0         0         0         0         0         0         0.00058   0.00059   0.0031    0.00031   0.00065   0.0017    3e-05     0.0008    0.00016  -3.1e-06   0.01     -1.7e-05   0         0         0         0         0         0         0         0         0         0         0         0         0         0         0         0         0         0         0         0         0         0         0         0         0         0         0         0         0         0         0         0         0         0         0         0         0         0         0         0         0         0         0         0         0         0         0         0       
   0        -0.00075   0.0007   -6.3e-05  -6.8e-05  -0.00061   0         0         0         0         0         0         0         0         0         0         0         0        -6.6e-05  -7.1e-05  -0.00049  -7.2e-05  -7.8e-05  -0.00018  -0.0001   -0.00011   0.00011  -1.6e-05  -1.7e-05   0.01      0         0         0         0         0         0         0         0         0         0         0         0         0         0         0         0         0         0         0         0         0         0         0         0         0         0         0         0         0         0         0         0         0         0         0         0         0         0         0         0         0         0         0         0         0         0         0         0       
   9.1       0         0.069     4.4      -0.0071   -0.0051    0         0         0         0         0         0         0         0         0         0         0         0         0         0         0         0         0         0         0         0         0         0         0         0         3.4      -0.03     -0.0049    2.1       0.02     -0.0053    1.7       0.032    -0.0055    0.41     -0.0031   -0.00013   0.24      0.01      0.00042   0.041    -0.42      0.054    -0.0015   -0.3       0.042     0.0037   -0.092     0.014    -0.00013  -0.011     0.0021    0.00028  -0.0026    0.00052   0.044     0.44     -0.058    -0.0026    0.31     -0.044     0.0037    0.098    -0.016    -7.5e-05   0.011    -0.0022    0.00022   0.0025   -0.0005    0         0         0       
  -0.1      -0.069     0        -0.041     1.7       0.022     0         0         0         0         0         0         0         0         0         0         0         0         0         0         0         0         0         0         0         0         0         0         0         0        -0.03      1.7       0.014    -0.017     1.7       0.005    -0.013     1.7      -9.8e-05  -0.0036    0.019    -0.016    -0.002     0.012    -0.0088   -0.037     0.67      0.0032    0.012     0.52     -0.001    -0.0041    0.19      0.0003    0.0018    0.027    -0.00014  -0.00013   0.0068    1.1e-05   0.04      0.69      0.0037   -0.013     0.53     -0.0012    0.0036    0.2       0.00028  -0.0016    0.028    -0.00013  -0.00012   0.0066   -9.8e-06   0         0         0       
   0        -9.1       0.1      -0.0023    0.26      5.9       0         0         0         0         0         0         0         0         0         0         0         0         0         0         0         0         0         0         0         0         0         0         0         0        -0.0049    0.014     5        -0.0048    0.024     3.7      -0.0029    0.24      3.3      -0.001    -0.1       0.4       0.00026   0.028     0.23      0.054     0.036     0.7       0.04      0.025     0.51      0.0051    0.0022    0.19      0.0044    0.0018    0.026     0.00076   0.0003    0.0067   -0.05      0.034     0.72     -0.035     0.021     0.52     -0.0074    0.0034    0.2      -0.0036    0.0015    0.027    -0.0011    0.00043   0.0063    0         0         0       
   5.1       0         0.1       2.7      -0.0044   -0.0051    0         0         0         0         0         0         0         0         0         0         0         0         0         0         0         0         0         0         0         0         0         0         0         0         2.1      -0.017    -0.0048    1.4       0.011    -0.0054    1.2       0.019    -0.0056    0.32     -0.0023   -0.00013   0.19      0.0076    0.0004    0.028    -0.25      0.056     0.0019   -0.18      0.043     0.0028   -0.055     0.015     0.00019  -0.0066    0.0021    0.00026  -0.0015    0.00053   0.03      0.26     -0.06      0.0013    0.18     -0.045     0.0029    0.058    -0.016     0.00022   0.0067   -0.0022    0.00024   0.0015   -0.00051   0         0         0       
   0.064    -0.1       0         0.027     1.7       0.035     0         0         0         0         0         0         0         0         0         0         0         0         0         0         0         0         0         0         0         0         0         0         0         0         0.02      1.7       0.024     0.011     1.7       0.011     0.0075    1.7       0.004     0.00015   0.018    -0.015     0.00011   0.013    -0.0084   -0.036     0.66      0.0033    0.012     0.52     -0.0011   -0.004     0.19      0.00031   0.0018    0.027    -0.00014  -0.00013   0.0068    1.1e-05   0.04      0.7       0.0038   -0.014     0.54     -0.0012    0.0037    0.2       0.00029  -0.0017    0.028    -0.00013  -0.00012   0.0066   -1e-05     0         0         0       
   0        -5.1      -0.064    -0.007     0.14      4.3       0         0         0         0         0         0         0         0         0         0         0         0         0         0         0         0         0         0         0         0         0         0         0         0        -0.0053    0.005     3.7      -0.0054    0.011     3        -0.0071    0.14      2.7       1.5e-05  -0.077     0.31     -1.5e-05   0.021     0.18      0.053     0.022     0.68      0.039     0.015     0.51      0.0051    0.0013    0.19      0.0043    0.0011    0.026     0.00075   0.00018   0.0066   -0.05      0.02      0.71     -0.035     0.013     0.53     -0.0074    0.002     0.2      -0.0037    0.00089   0.027    -0.0011    0.00025   0.0064    0         0         0       
   3.8       0         0.75      2.1      -0.0038   -0.0048    0         0         0         0         0         0         0         0         0         0         0         0         0         0         0         0         0         0         0         0         0         0         0         0         1.7      -0.013    -0.0029    1.2       0.0075   -0.0071    0.99      0.013    -0.0082    0.27     -0.002     2.6e-05   0.17      0.0067   -5.8e-05   0.026    -0.18      0.088     0.0052   -0.13      0.066     0.0026   -0.04      0.022     0.00046  -0.0048    0.003     0.00027  -0.0011    0.00073   0.027     0.19     -0.094     0.0045    0.13     -0.069     0.0029    0.042    -0.023     0.00045   0.0049   -0.0031    0.00028   0.0011   -0.00071   0         0         0       
   0.1      -0.75      0         0.044     1.7       0.32      0         0         0         0         0         0         0         0         0         0         0         0         0         0         0         0         0         0         0         0         0         0         0         0         0.032     1.7       0.24      0.019     1.7       0.14      0.013     1.7       0.1       0.0012    0.013     0.0023    0.00068   0.014     0.0012   -0.036     0.66      0.0057    0.012     0.52     -0.0017   -0.004     0.19      0.00048   0.0018    0.027    -0.0002   -0.00013   0.0068    1.5e-05   0.04      0.7       0.0065   -0.014     0.54     -0.0019    0.0037    0.2       0.00044  -0.0017    0.028    -0.00019  -0.00012   0.0067   -1.4e-05   0         0         0       
   0        -3.8      -0.1      -0.0082    0.1       3.7       0         0         0         0         0         0         0         0         0         0         0         0         0         0         0         0         0         0         0         0         0         0         0         0        -0.0055   -9.8e-05   3.3      -0.0056    0.004     2.7      -0.0082    0.1       2.6       0.0003   -0.067     0.27     -9e-05     0.018     0.16      0.053     0.016     0.67      0.039     0.011     0.51      0.0051    0.00095   0.19      0.0043    0.00079   0.026     0.00075   0.00013   0.0066   -0.05      0.015     0.71     -0.035     0.0093    0.53     -0.0075    0.0015    0.2      -0.0037    0.00065   0.028    -0.0011    0.00018   0.0064    0         0         0       
   0.68      0        -0.19      0.48     -0.0019   -0.00055   0         0         0         0         0         0         0         0         0         0         0         0         0         0         0         0         0         0         0         0         0         0         0         0         0.41     -0.0036   -0.001     0.32      0.00015   1.5e-05   0.27      0.0012    0.0003    0.15     -0.00073  -0.00023   0.083     0.0028    0.00072   0         0         0         0         0         0         0         0         0         0         0         0         0         0         0         0         0         0         0         0         0         0         0         0         0         0         0         0         0         0         0         0         0       
  -0.006     0.19      0        -0.0038    0.013    -0.12      0         0         0         0         0         0         0         0         0         0         0         0         0         0         0         0         0         0         0         0         0         0         0         0        -0.0031    0.019    -0.1      -0.0023    0.018    -0.077    -0.002     0.013    -0.067    -0.00073   0.032    -0.027    -0.00038   0.012    -0.015     0         0         0         0         0         0         0         0         0         0         0         0         0         0         0         0         0         0         0         0         0         0         0         0         0         0         0         0         0         0         0         0         0       
   0        -0.68      0.006     2.7e-05   0.0024    0.48      0         0         0         0         0         0         0         0         0         0         0         0         0         0         0         0         0         0         0         0         0         0         0         0        -0.00013  -0.016     0.4      -0.00013  -0.015     0.31      2.6e-05   0.0023    0.27     -0.00023  -0.027     0.14      5e-05     0.0077    0.082     0         0         0         0         0         0         0         0         0         0         0         0         0         0         0         0         0         0         0         0         0         0         0         0         0         0         0         0         0         0         0         0         0       
   0.38      0         0.05      0.28     -0.001     0.00014   0         0         0         0         0         0         0         0         0         0         0         0         0         0         0         0         0         0         0         0         0         0         0         0         0.24     -0.002     0.00026   0.19      0.00011  -1.5e-05   0.17      0.00068  -9e-05     0.083    -0.00038   5e-05     0.071     0.0016   -0.00021   0         0         0         0         0         0         0         0         0         0         0         0         0         0         0         0         0         0         0         0         0         0         0         0         0         0         0         0         0         0         0         0         0       
   0.018    -0.05      0         0.012     0.014     0.033     0         0         0         0         0         0         0         0         0         0         0         0         0         0         0         0         0         0         0         0         0         0         0         0         0.01      0.012     0.028     0.0076    0.013     0.021     0.0067    0.014     0.018     0.0028    0.012     0.0077    0.0016    0.024     0.0044    0         0         0         0         0         0         0         0         0         0         0         0         0         0         0         0         0         0         0         0         0         0         0         0         0         0         0         0         0         0         0         0         0       
   0        -0.38     -0.018    -6.2e-05   0.0013    0.28      0         0         0         0         0         0         0         0         0         0         0         0         0         0         0         0         0         0         0         0         0         0         0         0         0.00042  -0.0088    0.23      0.0004   -0.0084    0.18     -5.8e-05   0.0012    0.16      0.00072  -0.015     0.082    -0.00021   0.0044    0.068     0         0         0         0         0         0         0         0         0         0         0         0         0         0         0         0         0         0         0         0         0         0         0         0         0         0         0         0         0         0         0         0         0       
   0.095     0         0.11      0.054    -0.037     0.054     0         0         0         0         0         0         0         0         0         0         0         0         0         0         0         0         0         0         0         0         0         0         0         0         0.041    -0.037     0.054     0.028    -0.036     0.053     0.026    -0.036     0.053     0         0         0         0         0         0         0.021    -0.029     0.044     0.0057   -0.02      0.035     0.0016   -0.0062    0.012     0.00055  -0.00068   0.0018    0.00022  -0.00015   0.00046   0         0         0         0         0         0         0         0         0         0         0         0         0         0         0         0         0         0       
  -1.3      -0.11      0        -0.56      0.67      0.048     0         0         0         0         0         0         0         0         0         0         0         0         0         0         0         0         0         0         0         0         0         0         0         0        -0.42      0.67      0.036    -0.25      0.66      0.022    -0.18      0.66      0.016     0         0         0         0         0         0        -0.029     0.57      0.0024    0.0098    0.44     -0.00084  -0.0035    0.17      0.00026   0.0016    0.025    -0.00012  -0.00012   0.0061    9.3e-06   0         0         0         0         0         0         0         0         0         0         0         0         0         0         0         0         0         0       
   0        -0.095     1.3       0.088     0.0057    0.7       0         0         0         0         0         0         0         0         0         0         0         0         0         0         0         0         0         0         0         0         0         0         0         0         0.054     0.0032    0.7       0.056     0.0033    0.68      0.088     0.0057    0.67      0         0         0         0         0         0         0.044     0.0024    0.57      0.033     0.0016    0.44      0.0045    0.00014   0.17      0.0039    0.00011   0.024     0.00068   1.8e-05   0.006     0         0         0         0         0         0         0         0         0         0         0         0         0         0         0         0         0         0       
  -0.025     0         0.074    -0.0022    0.012     0.039     0         0         0         0         0         0         0         0         0         0         0         0         0         0         0         0         0         0         0         0         0         0         0         0        -0.0015    0.012     0.04      0.0019    0.012     0.039     0.0052    0.012     0.039     0         0         0         0         0         0         0.0057    0.0098    0.033     0.016     0.0076    0.026     0.0014    0.0023    0.0099    0.00058   0.00035   0.0015    0.00021   8.6e-05   0.00039   0         0         0         0         0         0         0         0         0         0         0         0         0         0         0         0         0         0       
  -0.92     -0.074     0        -0.4       0.52      0.033     0         0         0         0         0         0         0         0         0         0         0         0         0         0         0         0         0         0         0         0         0         0         0         0        -0.3       0.52      0.025    -0.18      0.52      0.015    -0.13      0.52      0.011     0         0         0         0         0         0        -0.02      0.44      0.0016    0.0076    0.37     -0.00062  -0.0029    0.14      0.0002    0.0014    0.021    -0.0001   -0.0001    0.0054    7.9e-06   0         0         0         0         0         0         0         0         0         0         0         0         0         0         0         0         0         0       
   0         0.025     0.92      0.066    -0.0017    0.51      0         0         0         0         0         0         0         0         0         0         0         0         0         0         0         0         0         0         0         0         0         0         0         0         0.042    -0.001     0.51      0.043    -0.0011    0.51      0.066    -0.0017    0.51      0         0         0         0         0         0         0.035    -0.00084   0.44      0.026    -0.00062   0.37      0.0039   -6.6e-05   0.14      0.0034   -5.7e-05   0.021     0.00059  -1e-05     0.0052    0         0         0         0         0         0         0         0         0         0         0         0         0         0         0         0         0         0       
   0.0065    0         0.0067    0.0046   -0.004     0.0051    0         0         0         0         0         0         0         0         0         0         0         0         0         0         0         0         0         0         0         0         0         0         0         0         0.0037   -0.0041    0.0051    0.0028   -0.004     0.0051    0.0026   -0.004     0.0051    0         0         0         0         0         0         0.0016   -0.0035    0.0045    0.0014   -0.0029    0.0039    0.011    -0.0012    0.0022    0.00039  -8.5e-05   0.0006    0.00019  -1.4e-05   0.00017   0         0         0         0         0         0         0         0         0         0         0         0         0         0         0         0         0         0       
  -0.28     -0.0067    0        -0.12      0.19      0.0029    0         0         0         0         0         0         0         0         0         0         0         0         0         0         0         0         0         0         0         0         0         0         0         0        -0.092     0.19      0.0022   -0.055     0.19      0.0013   -0.04      0.19      0.00095   0         0         0         0         0         0        -0.0062    0.17      0.00014   0.0023    0.14     -6.6e-05  -0.0012    0.08      2e-05     0.00081   0.012    -3.8e-05  -6.1e-05   0.0034    3.5e-06   0         0         0         0         0         0         0         0         0         0         0         0         0         0         0         0         0         0       
   0        -0.0065    0.28      0.022     0.00048   0.19      0         0         0         0         0         0         0         0         0         0         0         0         0         0         0         0         0         0         0         0         0         0         0         0         0.014     0.0003    0.19      0.015     0.00031   0.19      0.022     0.00048   0.19      0         0         0         0         0         0         0.012     0.00026   0.17      0.0099    0.0002    0.14      0.0022    2e-05     0.08      0.0019    1.4e-05   0.012     0.00035   1.7e-06   0.0032    0         0         0         0         0         0         0         0         0         0         0         0         0         0         0         0         0         0       
  -0.0024    0         0.0055   -0.00024   0.0018    0.0043    0         0         0         0         0         0         0         0         0         0         0         0         0         0         0         0         0         0         0         0         0         0         0         0        -0.00013   0.0018    0.0044    0.00019   0.0018    0.0043    0.00046   0.0018    0.0043    0         0         0         0         0         0         0.00055   0.0016    0.0039    0.00058   0.0014    0.0034    0.00039   0.00081   0.0019    0.01      0.00022   0.00056   0.00018   5.7e-05   0.00016   0         0         0         0         0         0         0         0         0         0         0         0         0         0         0         0         0         0       
  -0.034    -0.0055    0        -0.015     0.028     0.0024    0         0         0         0         0         0         0         0         0         0         0         0         0         0         0         0         0         0         0         0         0         0         0         0        -0.011     0.027     0.0018   -0.0066    0.027     0.0011   -0.0048    0.027     0.00079   0         0         0         0         0         0        -0.00068   0.025     0.00011   0.00035   0.021    -5.7e-05  -8.5e-05   0.012     1.4e-05   0.00022   0.014    -3.6e-05  -2.1e-05   0.0014    3.3e-06   0         0         0         0         0         0         0         0         0         0         0         0         0         0         0         0         0         0       
   0         0.0024    0.034     0.003    -0.0002    0.026     0         0         0         0         0         0         0         0         0         0         0         0         0         0         0         0         0         0         0         0         0         0         0         0         0.0021   -0.00014   0.026     0.0021   -0.00014   0.026     0.003    -0.0002    0.026     0         0         0         0         0         0         0.0018   -0.00012   0.024     0.0015   -0.0001    0.021     0.0006   -3.8e-05   0.012     0.00056  -3.6e-05   0.014     0.00012  -6.7e-06   0.0012    0         0         0         0         0         0         0         0         0         0         0         0         0         0         0         0         0         0       
   0.00016   0         0.00092   0.00032  -0.00013   0.00075   0         0         0         0         0         0         0         0         0         0         0         0         0         0         0         0         0         0         0         0         0         0         0         0         0.00028  -0.00013   0.00076   0.00026  -0.00013   0.00075   0.00027  -0.00013   0.00075   0         0         0         0         0         0         0.00022  -0.00012   0.00068   0.00021  -0.0001    0.00059   0.00019  -6.1e-05   0.00035   0.00018  -2.1e-05   0.00012   0.01     -7.9e-06   4.6e-05   0         0         0         0         0         0         0         0         0         0         0         0         0         0         0         0         0         0       
  -0.0079   -0.00092   0        -0.0034    0.0068    0.00041   0         0         0         0         0         0         0         0         0         0         0         0         0         0         0         0         0         0         0         0         0         0         0         0        -0.0026    0.0068    0.0003   -0.0015    0.0068    0.00018  -0.0011    0.0068    0.00013   0         0         0         0         0         0        -0.00015   0.0061    1.8e-05   8.6e-05   0.0054   -1e-05    -1.4e-05   0.0034    1.7e-06   5.7e-05   0.0014   -6.7e-06  -7.9e-06   0.011     9.2e-07   0         0         0         0         0         0         0         0         0         0         0         0         0         0         0         0         0         0       
   0        -0.00016   0.0079    0.00073   1.5e-05   0.0067    0         0         0         0         0         0         0         0         0         0         0         0         0         0         0         0         0         0         0         0         0         0         0         0         0.00052   1.1e-05   0.0067    0.00053   1.1e-05   0.0066    0.00073   1.5e-05   0.0066    0         0         0         0         0         0         0.00046   9.3e-06   0.006     0.00039   7.9e-06   0.0052    0.00017   3.5e-06   0.0032    0.00016   3.3e-06   0.0012    4.6e-05   9.2e-07   0.011     0         0         0         0         0         0         0         0         0         0         0         0         0         0         0         0         0         0       
   0.1       0         0.1       0.058     0.04     -0.05      0         0         0         0         0         0         0         0         0         0         0         0         0         0         0         0         0         0         0         0         0         0         0         0         0.044     0.04     -0.05      0.03      0.04     -0.05      0.027     0.04     -0.05      0         0         0         0         0         0         0         0         0         0         0         0         0         0         0         0         0         0         0         0         0         0.021     0.032    -0.042     0.0053    0.022    -0.032     0.0018    0.0069   -0.012     0.00052   0.00074  -0.0017    0.00025   0.00015  -0.00041   0         0         0       
   1.3      -0.1       0         0.59      0.7       0.045     0         0         0         0         0         0         0         0         0         0         0         0         0         0         0         0         0         0         0         0         0         0         0         0         0.44      0.69      0.034     0.26      0.7       0.02      0.19      0.7       0.015     0         0         0         0         0         0         0         0         0         0         0         0         0         0         0         0         0         0         0         0         0         0.032     0.6       0.0024   -0.011     0.46     -0.00086   0.0032    0.18      0.00021  -0.0015    0.025    -0.0001   -0.00011   0.006    -8e-06     0         0         0       
   0        -0.1      -1.3      -0.094     0.0065    0.74      0         0         0         0         0         0         0         0         0         0         0         0         0         0         0         0         0         0         0         0         0         0         0         0        -0.058     0.0037    0.72     -0.06      0.0038    0.71     -0.094     0.0065    0.71      0         0         0         0         0         0         0         0         0         0         0         0         0         0         0         0         0         0         0         0         0        -0.042     0.0024    0.6      -0.03      0.0015    0.46     -0.0066    0.00023   0.18     -0.0033    9.8e-05   0.025    -0.00096   2.6e-05   0.0058    0         0         0       
  -0.028     0         0.065    -0.0039   -0.014    -0.035     0         0         0         0         0         0         0         0         0         0         0         0         0         0         0         0         0         0         0         0         0         0         0         0        -0.0026   -0.013    -0.035     0.0013   -0.014    -0.035     0.0045   -0.014    -0.035     0         0         0         0         0         0         0         0         0         0         0         0         0         0         0         0         0         0         0         0         0         0.0053   -0.011    -0.03      0.016    -0.0087   -0.024     0.0015   -0.0028   -0.0093    0.00055  -0.0004   -0.0014    0.00024  -9.5e-05  -0.00034   0         0         0       
   0.95     -0.065     0         0.42      0.54      0.029     0         0         0         0         0         0         0         0         0         0         0         0         0         0         0         0         0         0         0         0         0         0         0         0         0.31      0.53      0.021     0.18      0.54      0.013     0.13      0.54      0.0093    0         0         0         0         0         0         0         0         0         0         0         0         0         0         0         0         0         0         0         0         0         0.022     0.46      0.0015   -0.0087    0.38     -0.0006    0.0026    0.15      0.00016  -0.0013    0.022    -8.5e-05  -9.5e-05   0.0053   -6.7e-06   0         0         0       
   0         0.028    -0.95     -0.069    -0.002     0.52      0         0         0         0         0         0         0         0         0         0         0         0         0         0         0         0         0         0         0         0         0         0         0         0        -0.044    -0.0012    0.52     -0.045    -0.0012    0.53     -0.069    -0.0019    0.53      0         0         0         0         0         0         0         0         0         0         0         0         0         0         0         0         0         0         0         0         0        -0.032    -0.00086   0.46     -0.024    -0.0006    0.38     -0.0056   -0.00011   0.15     -0.0028   -5.3e-05   0.022    -0.00083  -1.6e-05   0.0051    0         0         0       
   0.0059    0         0.01      0.0046    0.0036   -0.0074    0         0         0         0         0         0         0         0         0         0         0         0         0         0         0         0         0         0         0         0         0         0         0         0         0.0037    0.0036   -0.0074    0.0029    0.0037   -0.0074    0.0029    0.0037   -0.0075    0         0         0         0         0         0         0         0         0         0         0         0         0         0         0         0         0         0         0         0         0         0.0018    0.0032   -0.0066    0.0015    0.0026   -0.0056    0.011     0.0011   -0.003     0.00042   6.8e-05  -0.00068   0.00021   6.1e-06  -0.00018   0         0         0       
   0.3      -0.01      0         0.13      0.2       0.0045    0         0         0         0         0         0         0         0         0         0         0         0         0         0         0         0         0         0         0         0         0         0         0         0         0.098     0.2       0.0034    0.058     0.2       0.002     0.042     0.2       0.0015    0         0         0         0         0         0         0         0         0         0         0         0         0         0         0         0         0         0         0         0         0         0.0069    0.18      0.00023  -0.0028    0.15     -0.00011   0.0011    0.085     3.2e-05  -0.00074   0.013    -3.9e-05  -5.7e-05   0.0033   -3.5e-06   0         0         0       
   0        -0.0059   -0.3      -0.024     0.00044   0.2       0         0         0         0         0         0         0         0         0         0         0         0         0         0         0         0         0         0         0         0         0         0         0         0        -0.016     0.00028   0.2      -0.016     0.00029   0.2      -0.023     0.00044   0.2       0         0         0         0         0         0         0         0         0         0         0         0         0         0         0         0         0         0         0         0         0        -0.012     0.00021   0.18     -0.0093    0.00016   0.15     -0.003     3.2e-05   0.085    -0.0017    8.7e-06   0.013    -0.0005    1e-06     0.0031    0         0         0       
  -0.0021    0         0.0046   -0.00018  -0.0016   -0.0036    0         0         0         0         0         0         0         0         0         0         0         0         0         0         0         0         0         0         0         0         0         0         0         0        -7.5e-05  -0.0016   -0.0036    0.00022  -0.0017   -0.0037    0.00045  -0.0017   -0.0037    0         0         0         0         0         0         0         0         0         0         0         0         0         0         0         0         0         0         0         0         0         0.00052  -0.0015   -0.0033    0.00055  -0.0013   -0.0028    0.00042  -0.00074  -0.0017    0.01     -0.0002   -0.00048   0.0002   -5.3e-05  -0.00014   0         0         0       
   0.035    -0.0046    0         0.015     0.028     0.002     0         0         0         0         0         0         0         0         0         0         0         0         0         0         0         0         0         0         0         0         0         0         0         0         0.011     0.028     0.0015    0.0067    0.028     0.00089   0.0049    0.028     0.00065   0         0         0         0         0         0         0         0         0         0         0         0         0         0         0         0         0         0         0         0         0         0.00074   0.025     9.8e-05  -0.0004    0.022    -5.3e-05   6.8e-05   0.013     8.7e-06  -0.0002    0.014    -2.8e-05  -1.9e-05   0.0014   -2.7e-06   0         0         0       
   0         0.0021   -0.035    -0.0031   -0.00019   0.027     0         0         0         0         0         0         0         0         0         0         0         0         0         0         0         0         0         0         0         0         0         0         0         0        -0.0022   -0.00013   0.027    -0.0022   -0.00013   0.027    -0.0031   -0.00019   0.028     0         0         0         0         0         0         0         0         0         0         0         0         0         0         0         0         0         0         0         0         0        -0.0017   -0.0001    0.025    -0.0014   -8.5e-05   0.022    -0.00068  -3.9e-05   0.013    -0.00048  -2.8e-05   0.014    -0.00017  -9.1e-06   0.0012    0         0         0       
  -0.00015   0         0.0013    0.00023  -0.00012  -0.0011    0         0         0         0         0         0         0         0         0         0         0         0         0         0         0         0         0         0         0         0         0         0         0         0         0.00022  -0.00012  -0.0011    0.00024  -0.00012  -0.0011    0.00028  -0.00012  -0.0011    0         0         0         0         0         0         0         0         0         0         0         0         0         0         0         0         0         0         0         0         0         0.00025  -0.00011  -0.00096   0.00024  -9.5e-05  -0.00083   0.00021  -5.7e-05  -0.0005    0.0002   -1.9e-05  -0.00017   0.01     -6.8e-06  -6e-05     0         0         0       
   0.0076   -0.0013    0         0.0033    0.0066    0.00057   0         0         0         0         0         0         0         0         0         0         0         0         0         0         0         0         0         0         0         0         0         0         0         0         0.0025    0.0066    0.00043   0.0015    0.0066    0.00025   0.0011    0.0067    0.00018   0         0         0         0         0         0         0         0         0         0         0         0         0         0         0         0         0         0         0         0         0         0.00015   0.006     2.6e-05  -9.5e-05   0.0053   -1.6e-05   6.1e-06   0.0033    1e-06    -5.3e-05   0.0014   -9.1e-06  -6.8e-06   0.011    -1.2e-06   0         0         0       
   0         0.00015  -0.0076   -0.00071  -1.4e-05   0.0063    0         0         0         0         0         0         0         0         0         0         0         0         0         0         0         0         0         0         0         0         0         0         0         0        -0.0005   -9.8e-06   0.0063   -0.00051  -1e-05     0.0064   -0.00071  -1.4e-05   0.0064    0         0         0         0         0         0         0         0         0         0         0         0         0         0         0         0         0         0         0         0         0        -0.00041  -8e-06     0.0058   -0.00034  -6.7e-06   0.0051   -0.00018  -3.5e-06   0.0031   -0.00014  -2.7e-06   0.0012   -6e-05    -1.2e-06   0.011     0         0         0       
   0         0         0         0         0         0         0         0         0         0         0         0         0         0         0         0         0         0         0         0         0         0         0         0         0         0         0         0         0         0         0         0         0         0         0         0         0         0         0         0         0         0         0         0         0         0         0         0         0         0         0         0         0         0         0         0         0         0         0         0         0         0         0         0         0         0         0         0         0         0         0         0         0         0         0         0.067     0         0       
   0         0         0         0         0         0         0         0         0         0         0         0         0         0         0         0         0         0         0         0         0         0         0         0         0         0         0         0         0         0         0         0         0         0         0         0         0         0         0         0         0         0         0         0         0         0         0         0         0         0         0         0         0         0         0         0         0         0         0         0         0         0         0         0         0         0         0         0         0         0         0         0         0         0         0         0         0.067     0       
   0         0         0         0         0         0         0         0         0         0         0         0         0         0         0         0         0         0         0         0         0         0         0         0         0         0         0         0         0         0         0         0         0         0         0         0         0         0         0         0         0         0         0         0         0         0         0         0         0         0         0         0         0         0         0         0         0         0         0         0         0         0         0         0         0         0         0         0         0         0         0         0         0         0         0         0         0         0.01    

QLD
   23        0.002     0.037    -1.3      -0.03     -0.04     -3.5      -5.1       0.031    -3.2       1.2       0.06     -1.4      -1.2      -0.0001    0.086     0.047     0        -3.4       5.5      -0.032    -3.2      -1.6      -0.059    -1.1       1.1       0.00043   0.073    -0.067     0         6.5      -1.7       0.017     7.6      -0.37     -0.1       5.2       0.11     -0.013     4.8      -0.5      -0.07      5.3       0.76      0         1.5      -4.4       0.21     -0.31     -3.6      -0.0027    0.19     -3.6       0.0052   -0.17     -2.4      -0.00049   0.015    -0.73      0         1.6       4.5      -0.17     -0.33      3.7       0.0052    0.16      3.6      -0.0038   -0.15      2.4       0.0003   -0.014     0.71      0         0         0         0       
   0.002     23        0.013     0.093    -1.3       0.58      0.014     0.11      3.5       0.014    -0.84      3.2       0.018     2.2       2         1.1e-06   0.38     -0.087    -0.011     0.052     3.4      -0.0091   -0.83      3.3      -0.013     2.4       1.6      -1.2e-06   0.36     -0.074     0.034     0.045    -6.5      -0.023     3.6      -9.3      -0.033    -1.7      -5.7      -0.00031   3.1      -6         0.0075   -1.1      -5.6      -0.14     -0.44     -3         0.0023   -0.54      0.32      0.0035   -0.025    -0.12     -0.00031  -0.39      0.17      8.8e-07  -0.086    -0.015     0.12     -0.48     -3.2      -0.0032   -0.41      0.34     -0.0031   -0.08     -0.11      0.00026  -0.32      0.15      1.2e-06  -0.12      0.014     0         0         0       
   0.037     0.013     55        3.8      -0.031    -0.25     -0.13     -0.16      0.57      0.33     -0.12     -0.11     -2.3      -0.15      1.6      -0.39     -0.0001   -0.047    -0.057     0.057    -0.63      0.3       0.14      0.11     -2.4       0.12     -1.5      -0.37      0.00011   0.069     0.83     -0.23      0.44     -7.5       0.24      0.51      2         0.067    -0.063    -5         0.2       0.76      0.7       0.049    -0.27      0.49     -0.05      4.1       0.53      0.02      3.7      -0.072     0.00045   3.6       0.4       0.006     2.4       0.088    -6.4e-05   0.74      0.45      0.059    -4.1       0.4      -0.016    -3.7       0.0083    0.00061  -3.6       0.32     -0.0046   -2.5       0.12     -7.9e-05  -0.72      0         0         0       
  -1.3       0.093     3.8       0.21      0.0064   -0.0039    1.3       1.8      -0.0082    2.5      -0.84     -0.057     1.5       1.1       0.013    -0.029    -0.043     0.0042    1.3      -2         0.0076    2.5       1.1       0.056     1.2      -0.98     -0.011    -0.018     0.062    -0.0062    1.7      -0.4       0.013     2.5      -0.11     -0.028     2.5       0.044    -0.01      3        -0.3      -0.045     3.9       0.5      -0.00091   0.98     -2         0.29      0.15     -1.6       0.23      0.18     -1.6       0.28     -0.013    -1         0.21      0.031    -0.32      0.069     1         2        -0.29      0.15      1.6      -0.24      0.18      1.6      -0.28     -0.0067    1.1      -0.22      0.023     0.31     -0.067     0         0         0       
  -0.03     -1.3      -0.031     0.0064    0.14      0.018     0.27      1        -0.044     0.32      0.35     -0.11      0.15      0.38      0.016    -0.0098    0.053    -0.0078   -0.26      1.1      -0.045    -0.33      0.32     -0.11     -0.12      0.37      0.024     0.0081    0.051    -0.0067    0.0033    0.63      0.14     -0.026     0.58      0.041    -0.023     0.9       0.15     -0.018     0.34     -0.013    -0.027     0.57      0.019    -0.2       1.1       0.098     0.076     1.6      -0.02     -0.096     2.4       0.0055    0.13      1.9      -0.015    -0.012     0.64      0.0014    0.2       1.1       0.12     -0.081     1.6      -0.021     0.083     2.4       0.0054   -0.12      2        -0.013    -0.011     0.62     -0.0013    0         0         0       
  -0.04      0.58     -0.25     -0.0039    0.018     0.3      -0.0075   -0.007     1.3       0.04     -0.44      2.5      -0.24      2         2        -0.044     0.35     -0.071     0.0021   -0.0081    1.3      -0.035    -0.44      2.5       0.25      2.1       1.7       0.041     0.33     -0.06     -0.0063   -0.018     1.6      -0.02     -0.94      3.1       0.019     0.52      2.7      -0.02     -1.7       3.8      -0.00052   0.64      4.1       0.15      0.18      2.4       0.15      0.25      1.4      -0.012     0.011     2.5       0.31      0.18      1.8       0.071     0.038     0.63     -0.13      0.2       2.4      -0.11      0.19      1.4      -0.03      0.035     2.4      -0.25      0.14      1.9      -0.1       0.053     0.6       0         0         0       
  -3.5       0.014    -0.13      1.3       0.27     -0.0075    0.46      1.3      -0.0093    2.2      -0.73     -0.05      1.4       0.97      0.0023   -0.019    -0.038     0.0046    0         0         0         0         0         0         0         0         0         0         0         0         0         0         0         0         0         0         0         0         0         0         0         0         0         0         0         0         0         0         0         0         0         0         0         0         0         0         0         0         0         0         0         0         0         0         0         0         0         0         0         0         0         0         0         0         0         0         0         0       
  -5.1       0.11     -0.16      1.8       1        -0.007     1.3       0.032    -0.019     0.1       0.43     -0.086     0.054     0.31      0.03     -0.0038    0.059    -0.0083    0         0         0         0         0         0         0         0         0         0         0         0         0         0         0         0         0         0         0         0         0         0         0         0         0         0         0         0         0         0         0         0         0         0         0         0         0         0         0         0         0         0         0         0         0         0         0         0         0         0         0         0         0         0         0         0         0         0         0         0       
   0.031     3.5       0.57     -0.0082   -0.044     1.3      -0.0093   -0.019     0.52      0.015    -0.36      2.2      -0.081     1.8       1.7      -0.017     0.32     -0.06      0         0         0         0         0         0         0         0         0         0         0         0         0         0         0         0         0         0         0         0         0         0         0         0         0         0         0         0         0         0         0         0         0         0         0         0         0         0         0         0         0         0         0         0         0         0         0         0         0         0         0         0         0         0         0         0         0         0         0         0       
  -3.2       0.014     0.33      2.5       0.32      0.04      2.2       0.1       0.015     0.32     -0.28     -0.027     0.87      0.52     -0.0049    0.015    -0.021     0.0048    0         0         0         0         0         0         0         0         0         0         0         0         0         0         0         0         0         0         0         0         0         0         0         0         0         0         0         0         0         0         0         0         0         0         0         0         0         0         0         0         0         0         0         0         0         0         0         0         0         0         0         0         0         0         0         0         0         0         0         0       
   1.2      -0.84     -0.12     -0.84      0.35     -0.44     -0.73      0.43     -0.36     -0.28      0.019    -0.07      0.0052    0.28      0.039    -0.00085   0.063    -0.0087    0         0         0         0         0         0         0         0         0         0         0         0         0         0         0         0         0         0         0         0         0         0         0         0         0         0         0         0         0         0         0         0         0         0         0         0         0         0         0         0         0         0         0         0         0         0         0         0         0         0         0         0         0         0         0         0         0         0         0         0       
   0.06      3.2      -0.11     -0.057    -0.11      2.5      -0.05     -0.086     2.2      -0.027    -0.07      0.31     -0.0097    0.96      0.95     -0.0038    0.17     -0.025     0         0         0         0         0         0         0         0         0         0         0         0         0         0         0         0         0         0         0         0         0         0         0         0         0         0         0         0         0         0         0         0         0         0         0         0         0         0         0         0         0         0         0         0         0         0         0         0         0         0         0         0         0         0         0         0         0         0         0         0       
  -1.4       0.018    -2.3       1.5       0.15     -0.24      1.4       0.054    -0.081     0.87      0.0052   -0.0097    0.017     0.042    -0.074     0.067    -0.0023    0.0068    0         0         0         0         0         0         0         0         0         0         0         0         0         0         0         0         0         0         0         0         0         0         0         0         0         0         0         0         0         0         0         0         0         0         0         0         0         0         0         0         0         0         0         0         0         0         0         0         0         0         0         0         0         0         0         0         0         0         0         0       
  -1.2       2.2      -0.15      1.1       0.38      2         0.97      0.31      1.8       0.52      0.28      0.96      0.042     0.016     0.12     -0.002     0.079    -0.013     0         0         0         0         0         0         0         0         0         0         0         0         0         0         0         0         0         0         0         0         0         0         0         0         0         0         0         0         0         0         0         0         0         0         0         0         0         0         0         0         0         0         0         0         0         0         0         0         0         0         0         0         0         0         0         0         0         0         0         0       
  -0.0001    2         1.6       0.013     0.016     2         0.0023    0.03      1.7      -0.0049    0.039     0.95     -0.074     0.12      0.012    -0.0091    0.019     0.0087    0         0         0         0         0         0         0         0         0         0         0         0         0         0         0         0         0         0         0         0         0         0         0         0         0         0         0         0         0         0         0         0         0         0         0         0         0         0         0         0         0         0         0         0         0         0         0         0         0         0         0         0         0         0         0         0         0         0         0         0       
   0.086     1.1e-06  -0.39     -0.029    -0.0098   -0.044    -0.019    -0.0038   -0.017     0.015    -0.00085  -0.0038    0.067    -0.002    -0.0091    0.01      0.00026   0.0012    0         0         0         0         0         0         0         0         0         0         0         0         0         0         0         0         0         0         0         0         0         0         0         0         0         0         0         0         0         0         0         0         0         0         0         0         0         0         0         0         0         0         0         0         0         0         0         0         0         0         0         0         0         0         0         0         0         0         0         0       
   0.047     0.38     -0.0001   -0.043     0.053     0.35     -0.038     0.059     0.32     -0.021     0.063     0.17     -0.0023    0.079     0.019     0.00026   0.01     -0.0022    0         0         0         0         0         0         0         0         0         0         0         0         0         0         0         0         0         0         0         0         0         0         0         0         0         0         0         0         0         0         0         0         0         0         0         0         0         0         0         0         0         0         0         0         0         0         0         0         0         0         0         0         0         0         0         0         0         0         0         0       
   0        -0.087    -0.047     0.0042   -0.0078   -0.071     0.0046   -0.0083   -0.06      0.0048   -0.0087   -0.025     0.0068   -0.013     0.0087    0.0012   -0.0022    0.01      0         0         0         0         0         0         0         0         0         0         0         0         0         0         0         0         0         0         0         0         0         0         0         0         0         0         0         0         0         0         0         0         0         0         0         0         0         0         0         0         0         0         0         0         0         0         0         0         0         0         0         0         0         0         0         0         0         0         0         0       
  -3.4      -0.011    -0.057     1.3      -0.26      0.0021    0         0         0         0         0         0         0         0         0         0         0         0         0.46     -1.5       0.0074    2.2       0.99      0.05      1.2      -0.88     -0.0042   -0.0096    0.056    -0.0065    0         0         0         0         0         0         0         0         0         0         0         0         0         0         0         0         0         0         0         0         0         0         0         0         0         0         0         0         0         0         0         0         0         0         0         0         0         0         0         0         0         0         0         0         0         0         0         0       
   5.5       0.052     0.057    -2         1.1      -0.0081    0         0         0         0         0         0         0         0         0         0         0         0        -1.5       0.032    -0.029    -0.11      0.42     -0.096    -0.043     0.3       0.03      0.0032    0.057    -0.007     0         0         0         0         0         0         0         0         0         0         0         0         0         0         0         0         0         0         0         0         0         0         0         0         0         0         0         0         0         0         0         0         0         0         0         0         0         0         0         0         0         0         0         0         0         0         0         0       
  -0.032     3.4      -0.63      0.0076   -0.045     1.3       0         0         0         0         0         0         0         0         0         0         0         0         0.0074   -0.029     0.53     -0.014    -0.36      2.2       0.09      1.9       1.5       0.016     0.3      -0.049     0         0         0         0         0         0         0         0         0         0         0         0         0         0         0         0         0         0         0         0         0         0         0         0         0         0         0         0         0         0         0         0         0         0         0         0         0         0         0         0         0         0         0         0         0         0         0         0       
  -3.2      -0.0091    0.3       2.5      -0.33     -0.035     0         0         0         0         0         0         0         0         0         0         0         0         2.2      -0.11     -0.014     0.33      0.39      0.027     0.75     -0.46      0.0094    0.022     0.03     -0.0071    0         0         0         0         0         0         0         0         0         0         0         0         0         0         0         0         0         0         0         0         0         0         0         0         0         0         0         0         0         0         0         0         0         0         0         0         0         0         0         0         0         0         0         0         0         0         0         0       
  -1.6      -0.83      0.14      1.1       0.32     -0.44      0         0         0         0         0         0         0         0         0         0         0         0         0.99      0.42     -0.36      0.39      0.019    -0.065    -6.6e-05   0.28      0.045     0.0004    0.063    -0.0076    0         0         0         0         0         0         0         0         0         0         0         0         0         0         0         0         0         0         0         0         0         0         0         0         0         0         0         0         0         0         0         0         0         0         0         0         0         0         0         0         0         0         0         0         0         0         0         0       
  -0.059     3.3       0.11      0.056    -0.11      2.5       0         0         0         0         0         0         0         0         0         0         0         0         0.05     -0.096     2.2       0.027    -0.065     0.31      0.0026    1         0.79      0.002     0.16     -0.018     0         0         0         0         0         0         0         0         0         0         0         0         0         0         0         0         0         0         0         0         0         0         0         0         0         0         0         0         0         0         0         0         0         0         0         0         0         0         0         0         0         0         0         0         0         0         0         0       
  -1.1      -0.013    -2.4       1.2      -0.12      0.25      0         0         0         0         0         0         0         0         0         0         0         0         1.2      -0.043     0.09      0.75     -6.6e-05   0.0026    0.017    -0.031     0.073     0.066     0.0029   -0.01      0         0         0         0         0         0         0         0         0         0         0         0         0         0         0         0         0         0         0         0         0         0         0         0         0         0         0         0         0         0         0         0         0         0         0         0         0         0         0         0         0         0         0         0         0         0         0         0       
   1.1       2.4       0.12     -0.98      0.37      2.1       0         0         0         0         0         0         0         0         0         0         0         0        -0.88      0.3       1.9      -0.46      0.28      1        -0.031     0.017     0.11      0.0016    0.077    -0.011     0         0         0         0         0         0         0         0         0         0         0         0         0         0         0         0         0         0         0         0         0         0         0         0         0         0         0         0         0         0         0         0         0         0         0         0         0         0         0         0         0         0         0         0         0         0         0         0       
   0.00043   1.6      -1.5      -0.011     0.024     1.7       0         0         0         0         0         0         0         0         0         0         0         0        -0.0042    0.03      1.5       0.0094    0.045     0.79      0.073     0.11      0.012     0.0078    0.016     0.01      0         0         0         0         0         0         0         0         0         0         0         0         0         0         0         0         0         0         0         0         0         0         0         0         0         0         0         0         0         0         0         0         0         0         0         0         0         0         0         0         0         0         0         0         0         0         0         0       
   0.073    -1.2e-06  -0.37     -0.018     0.0081    0.041     0         0         0         0         0         0         0         0         0         0         0         0        -0.0096    0.0032    0.016     0.022     0.0004    0.002     0.066     0.0016    0.0078    0.01     -0.00031  -0.0016    0         0         0         0         0         0         0         0         0         0         0         0         0         0         0         0         0         0         0         0         0         0         0         0         0         0         0         0         0         0         0         0         0         0         0         0         0         0         0         0         0         0         0         0         0         0         0         0       
  -0.067     0.36      0.00011   0.062     0.051     0.33      0         0         0         0         0         0         0         0         0         0         0         0         0.056     0.057     0.3       0.03      0.063     0.16      0.0029    0.077     0.016    -0.00031   0.01     -0.0017    0         0         0         0         0         0         0         0         0         0         0         0         0         0         0         0         0         0         0         0         0         0         0         0         0         0         0         0         0         0         0         0         0         0         0         0         0         0         0         0         0         0         0         0         0         0         0         0       
   0        -0.074     0.069    -0.0062   -0.0067   -0.06      0         0         0         0         0         0         0         0         0         0         0         0        -0.0065   -0.007    -0.049    -0.0071   -0.0076   -0.018    -0.01     -0.011     0.01     -0.0016   -0.0017    0.01      0         0         0         0         0         0         0         0         0         0         0         0         0         0         0         0         0         0         0         0         0         0         0         0         0         0         0         0         0         0         0         0         0         0         0         0         0         0         0         0         0         0         0         0         0         0         0         0       
   6.5       0.034     0.83      1.7       0.0033   -0.0063    0         0         0         0         0         0         0         0         0         0         0         0         0         0         0         0         0         0         0         0         0         0         0         0         0.18     -0.21     -0.00043   1.9      -0.076    -0.031     1.9       0.031    -0.0073    2.6      -0.25     -0.058     3.3       0.42      0.0062    0.79     -1.5       0.16      0.16     -1.2       0.14      0.16     -1.2       0.18     -0.0045   -0.78      0.15      0.027    -0.24      0.049     0.81      1.5      -0.16      0.17      1.2      -0.14      0.16      1.2      -0.19      0.0013    0.8      -0.15      0.021     0.23     -0.048     0         0         0       
  -1.7       0.045    -0.23     -0.4       0.63     -0.018     0         0         0         0         0         0         0         0         0         0         0         0         0         0         0         0         0         0         0         0         0         0         0         0        -0.21      0.027    -0.037    -0.046     0.68     -0.21     -0.037     0.86     -0.0032   -0.03      0.42     -0.17     -0.04      0.54     -0.13     -0.21      1.1       0.016     0.077     1.6      -0.012    -0.097     2.4       0.0022    0.13      1.9      -0.01     -0.012     0.64      0.00099   0.2       1.1       0.039    -0.081     1.6      -0.012     0.083     2.4       0.0026   -0.12      2        -0.0091   -0.011     0.62     -0.00093   0         0         0       
   0.017    -6.5       0.44      0.013     0.14      1.6       0         0         0         0         0         0         0         0         0         0         0         0         0         0         0         0         0         0         0         0         0         0         0         0        -0.00043  -0.037     0.18     -0.041    -0.55      2.1       0.02      0.33      2        -0.032    -1.4       3.1       0.0021    0.53      3.5       0.13      0.13      2.1       0.15      0.19      1.5      -0.012     0.0081    2.5       0.31      0.13      1.9       0.072     0.028     0.63     -0.11      0.15      2.1      -0.11      0.14      1.4      -0.031     0.026     2.4      -0.25      0.11      1.9      -0.1       0.04      0.6       0         0         0       
   7.6      -0.023    -7.5       2.5      -0.026    -0.02      0         0         0         0         0         0         0         0         0         0         0         0         0         0         0         0         0         0         0         0         0         0         0         0         1.9      -0.046    -0.041     0.069    -0.026    -0.017     1.2       0.016    -0.0056    2        -0.18     -0.048     2.6       0.32      0.006     0.59     -0.88      0.14      0.21     -0.71      0.14      0.14     -0.72      0.19      0.02     -0.46      0.15      0.025    -0.14      0.05      0.6       0.89     -0.14      0.22      0.73     -0.15      0.14      0.7      -0.19      0.022     0.47     -0.16      0.023     0.14     -0.049     0         0         0       
  -0.37      3.6       0.24     -0.11      0.58     -0.94      0         0         0         0         0         0         0         0         0         0         0         0         0         0         0         0         0         0         0         0         0         0         0         0        -0.076     0.68     -0.55     -0.026     0.03     -0.2      -0.0082    0.86      0.0029   -0.0038    0.42     -0.17     -0.011     0.54     -0.12     -0.2       1.1       0.021     0.076     1.5      -0.012    -0.096     2.4       0.0024    0.13      1.9      -0.01     -0.012     0.63      0.001     0.21      1.1       0.042    -0.082     1.6      -0.012     0.084     2.4       0.0027   -0.12      2        -0.0092   -0.011     0.62     -0.00095   0         0         0       
  -0.1      -9.3       0.51     -0.028     0.041     3.1       0         0         0         0         0         0         0         0         0         0         0         0         0         0         0         0         0         0         0         0         0         0         0         0        -0.031    -0.21      2.1      -0.017    -0.2       0.058     0.0044    0.1       1.3      -0.0047   -0.97      2.3      -0.00079   0.38      2.7       0.11      0.075     1.6       0.15      0.11      1.5      -0.011     0.0048    2.4       0.31      0.081     1.9       0.071     0.017     0.63     -0.099     0.082     1.6      -0.12      0.087     1.5      -0.031     0.015     2.4      -0.25      0.066     1.9      -0.1       0.023     0.6       0         0         0       
   5.2      -0.033     2         2.5      -0.023     0.019     0         0         0         0         0         0         0         0         0         0         0         0         0         0         0         0         0         0         0         0         0         0         0         0         1.9      -0.037     0.02      1.2      -0.0082    0.0044    0.29      0.012    -0.0065    1.6      -0.15     -0.025     2.3       0.28     -0.00086   0.52     -0.65      0.23      0.24     -0.52      0.23      0.12     -0.52      0.28      0.039    -0.33      0.21      0.027    -0.1       0.069     0.52      0.65     -0.24      0.24      0.53     -0.24      0.13      0.51     -0.28      0.039     0.34     -0.22      0.027     0.099    -0.067     0         0         0       
   0.11     -1.7       0.067     0.044     0.9       0.52      0         0         0         0         0         0         0         0         0         0         0         0         0         0         0         0         0         0         0         0         0         0         0         0         0.031     0.86      0.33      0.016     0.86      0.1       0.012     0.1       0.15      0.0034    0.34     -0.015    -0.0033    0.57      0.018    -0.19      1.1       0.098     0.075     1.6      -0.02     -0.096     2.4       0.0055    0.13      1.9      -0.015    -0.012     0.63      0.0014    0.21      1.1       0.12     -0.083     1.6      -0.021     0.084     2.4       0.0054   -0.12      2        -0.013    -0.011     0.62     -0.0013    0         0         0       
  -0.013    -5.7      -0.063    -0.01      0.15      2.7       0         0         0         0         0         0         0         0         0         0         0         0         0         0         0         0         0         0         0         0         0         0         0         0        -0.0073   -0.0032    2        -0.0056    0.0029    1.3      -0.0065    0.15      0.36      0.0027   -0.8       2        -0.0015    0.32      2.4       0.1       0.052     1.5       0.15      0.085     1.5      -0.011     0.0035    2.4       0.31      0.06      1.9       0.071     0.012     0.62     -0.093     0.056     1.5      -0.12      0.065     1.5      -0.031     0.011     2.4      -0.26      0.049     1.9      -0.1       0.017     0.61      0         0         0       
   4.8      -0.00031  -5         3        -0.018    -0.02      0         0         0         0         0         0         0         0         0         0         0         0         0         0         0         0         0         0         0         0         0         0         0         0         2.6      -0.03     -0.032     2        -0.0038   -0.0047    1.6       0.0034    0.0027    0.05     -0.05     -0.042     1.2       0.11      0.011     0         0         0         0         0         0         0         0         0         0         0         0         0         0         0         0         0         0         0         0         0         0         0         0         0         0         0         0         0         0         0         0         0       
  -0.5       3.1       0.2      -0.3       0.34     -1.7       0         0         0         0         0         0         0         0         0         0         0         0         0         0         0         0         0         0         0         0         0         0         0         0        -0.25      0.42     -1.4      -0.18      0.42     -0.97     -0.15      0.34     -0.8      -0.05      0.019    -0.27     -0.018     0.52     -0.22      0         0         0         0         0         0         0         0         0         0         0         0         0         0         0         0         0         0         0         0         0         0         0         0         0         0         0         0         0         0         0         0         0       
  -0.07     -6         0.76     -0.045    -0.013     3.8       0         0         0         0         0         0         0         0         0         0         0         0         0         0         0         0         0         0         0         0         0         0         0         0        -0.058    -0.17      3.1      -0.048    -0.17      2.3      -0.025    -0.015     2        -0.042    -0.27      0.037     0.0021    0.097     1.2       0         0         0         0         0         0         0         0         0         0         0         0         0         0         0         0         0         0         0         0         0         0         0         0         0         0         0         0         0         0         0         0         0       
   5.3       0.0075    0.7       3.9      -0.027    -0.00052   0         0         0         0         0         0         0         0         0         0         0         0         0         0         0         0         0         0         0         0         0         0         0         0         3.3      -0.04      0.0021    2.6      -0.011    -0.00079   2.3      -0.0033   -0.0015    1.2      -0.018     0.0021    0.071     0.067    -0.0031    0         0         0         0         0         0         0         0         0         0         0         0         0         0         0         0         0         0         0         0         0         0         0         0         0         0         0         0         0         0         0         0         0       
   0.76     -1.1       0.049     0.5       0.57      0.64      0         0         0         0         0         0         0         0         0         0         0         0         0         0         0         0         0         0         0         0         0         0         0         0         0.42      0.54      0.53      0.32      0.54      0.38      0.28      0.57      0.32      0.11      0.52      0.097     0.067     0.024     0.065     0         0         0         0         0         0         0         0         0         0         0         0         0         0         0         0         0         0         0         0         0         0         0         0         0         0         0         0         0         0         0         0         0       
   0        -5.6      -0.27     -0.00091   0.019     4.1       0         0         0         0         0         0         0         0         0         0         0         0         0         0         0         0         0         0         0         0         0         0         0         0         0.0062   -0.13      3.5       0.006    -0.12      2.7      -0.00086   0.018     2.4       0.011    -0.22      1.2      -0.0031    0.065     0.068     0         0         0         0         0         0         0         0         0         0         0         0         0         0         0         0         0         0         0         0         0         0         0         0         0         0         0         0         0         0         0         0         0       
   1.5      -0.14      0.49      0.98     -0.2       0.15      0         0         0         0         0         0         0         0         0         0         0         0         0         0         0         0         0         0         0         0         0         0         0         0         0.79     -0.21      0.13      0.59     -0.2       0.11      0.52     -0.19      0.1       0         0         0         0         0         0         0.015    -0.11      0.065     0.26     -0.08      0.11      0.1      -0.081     0.16      0.047    -0.047     0.13      0.022    -0.014     0.043     0         0         0         0         0         0         0         0         0         0         0         0         0         0         0         0         0         0       
  -4.4      -0.44     -0.05     -2         1.1       0.18      0         0         0         0         0         0         0         0         0         0         0         0         0         0         0         0         0         0         0         0         0         0         0         0        -1.5       1.1       0.13     -0.88      1.1       0.075    -0.65      1.1       0.052     0         0         0         0         0         0        -0.11      0.038     0.011     0.051     1.2      -0.0096   -0.081     2.1       0.0017    0.12      1.7      -0.0087   -0.011     0.57      0.00088   0         0         0         0         0         0         0         0         0         0         0         0         0         0         0         0         0         0       
   0.21     -3         4.1       0.29      0.098     2.4       0         0         0         0         0         0         0         0         0         0         0         0         0         0         0         0         0         0         0         0         0         0         0         0         0.16      0.016     2.1       0.14      0.021     1.6       0.23      0.098     1.5       0         0         0         0         0         0         0.065     0.011     0.041     0.11      0.018     1.2      -0.0045    0.00044   2.1       0.28      0.012     1.7       0.064     0.0016    0.56      0         0         0         0         0         0         0         0         0         0         0         0         0         0         0         0         0         0       
  -0.31      0.0023    0.53      0.15      0.076     0.15      0         0         0         0         0         0         0         0         0         0         0         0         0         0         0         0         0         0         0         0         0         0         0         0         0.16      0.077     0.15      0.21      0.076     0.15      0.24      0.075     0.15      0         0         0         0         0         0         0.26      0.051     0.11      0.014     0.031     0.078     0.099     0.029     0.12      0.048     0.024     0.11      0.021     0.0081    0.037     0         0         0         0         0         0         0         0         0         0         0         0         0         0         0         0         0         0       
  -3.6      -0.54      0.02     -1.6       1.6       0.25      0         0         0         0         0         0         0         0         0         0         0         0         0         0         0         0         0         0         0         0         0         0         0         0        -1.2       1.6       0.19     -0.71      1.5       0.11     -0.52      1.6       0.085     0         0         0         0         0         0        -0.08      1.2       0.018     0.031     0.12     -0.007    -0.064     1.8       0.0011    0.1       1.5      -0.0073   -0.0097    0.51      0.00074   0         0         0         0         0         0         0         0         0         0         0         0         0         0         0         0         0         0       
  -0.0027    0.32      3.7       0.23     -0.02      1.4       0         0         0         0         0         0         0         0         0         0         0         0         0         0         0         0         0         0         0         0         0         0         0         0         0.14     -0.012     1.5       0.14     -0.012     1.5       0.23     -0.02      1.5       0         0         0         0         0         0         0.11     -0.0096    1.2       0.078    -0.007     0.11      0.0022   -0.00035   1.8       0.24     -0.00027   1.5       0.056    -0.00099   0.49      0         0         0         0         0         0         0         0         0         0         0         0         0         0         0         0         0         0       
   0.19      0.0035   -0.072     0.18     -0.096    -0.012     0         0         0         0         0         0         0         0         0         0         0         0         0         0         0         0         0         0         0         0         0         0         0         0         0.16     -0.097    -0.012     0.14     -0.096    -0.011     0.12     -0.096    -0.011     0         0         0         0         0         0         0.1      -0.081    -0.0045    0.099    -0.064     0.0022    0.011    -0.017     0.023     0.035    -0.0058    0.042     0.018    -0.0013    0.016     0         0         0         0         0         0         0         0         0         0         0         0         0         0         0         0         0         0       
  -3.6      -0.025     0.00045  -1.6       2.4       0.011     0         0         0         0         0         0         0         0         0         0         0         0         0         0         0         0         0         0         0         0         0         0         0         0        -1.2       2.4       0.0081   -0.72      2.4       0.0048   -0.52      2.4       0.0035    0         0         0         0         0         0        -0.081     2.1       0.00044   0.029     1.8      -0.00035  -0.017     0.068    -0.001     0.058     0.87     -0.0026   -0.0058    0.31      0.00033   0         0         0         0         0         0         0         0         0         0         0         0         0         0         0         0         0         0       
   0.0052   -0.12      3.6       0.28      0.0055    2.5       0         0         0         0         0         0         0         0         0         0         0         0         0         0         0         0         0         0         0         0         0         0         0         0         0.18      0.0022    2.5       0.19      0.0024    2.4       0.28      0.0055    2.4       0         0         0         0         0         0         0.16      0.0017    2.1       0.12      0.0011    1.8       0.023    -0.001     0.068     0.14      0.0032    0.87      0.033     0.00013   0.3       0         0         0         0         0         0         0         0         0         0         0         0         0         0         0         0         0         0       
  -0.17     -0.00031   0.4      -0.013     0.13      0.31      0         0         0         0         0         0         0         0         0         0         0         0         0         0         0         0         0         0         0         0         0         0         0         0        -0.0045    0.13      0.31      0.02      0.13      0.31      0.039     0.13      0.31      0         0         0         0         0         0         0.047     0.12      0.28      0.048     0.1       0.24      0.035     0.058     0.14      0.01      0.015     0.039     0.018     0.0053    0.015     0         0         0         0         0         0         0         0         0         0         0         0         0         0         0         0         0         0       
  -2.4      -0.39      0.006    -1         1.9       0.18      0         0         0         0         0         0         0         0         0         0         0         0         0         0         0         0         0         0         0         0         0         0         0         0        -0.78      1.9       0.13     -0.46      1.9       0.081    -0.33      1.9       0.06      0         0         0         0         0         0        -0.047     1.7       0.012     0.024     1.5      -0.00027  -0.0058    0.87      0.0032    0.015     0.014    -0.0025   -0.002     0.13      0.00031   0         0         0         0         0         0         0         0         0         0         0         0         0         0         0         0         0         0       
  -0.00049   0.17      2.4       0.21     -0.015     1.8       0         0         0         0         0         0         0         0         0         0         0         0         0         0         0         0         0         0         0         0         0         0         0         0         0.15     -0.01      1.9       0.15     -0.01      1.9       0.21     -0.015     1.9       0         0         0         0         0         0         0.13     -0.0087    1.7       0.11     -0.0073    1.5       0.042    -0.0026    0.87      0.039    -0.0025    0.014     0.012    -0.00063   0.12      0         0         0         0         0         0         0         0         0         0         0         0         0         0         0         0         0         0       
   0.015     8.8e-07   0.088     0.031    -0.012     0.071     0         0         0         0         0         0         0         0         0         0         0         0         0         0         0         0         0         0         0         0         0         0         0         0         0.027    -0.012     0.072     0.025    -0.012     0.071     0.027    -0.012     0.071     0         0         0         0         0         0         0.022    -0.011     0.064     0.021    -0.0097    0.056     0.018    -0.0058    0.033     0.018    -0.002     0.012     0.01     -0.00073   0.0043    0         0         0         0         0         0         0         0         0         0         0         0         0         0         0         0         0         0       
  -0.73     -0.086    -6.4e-05  -0.32      0.64      0.038     0         0         0         0         0         0         0         0         0         0         0         0         0         0         0         0         0         0         0         0         0         0         0         0        -0.24      0.64      0.028    -0.14      0.63      0.017    -0.1       0.63      0.012     0         0         0         0         0         0        -0.014     0.57      0.0016    0.0081    0.51     -0.00099  -0.0013    0.31      0.00013   0.0053    0.13     -0.00063  -0.00073   0.011     8.7e-05   0         0         0         0         0         0         0         0         0         0         0         0         0         0         0         0         0         0       
   0        -0.015     0.74      0.069     0.0014    0.63      0         0         0         0         0         0         0         0         0         0         0         0         0         0         0         0         0         0         0         0         0         0         0         0         0.049     0.00099   0.63      0.05      0.001     0.63      0.069     0.0014    0.62      0         0         0         0         0         0         0.043     0.00088   0.56      0.037     0.00074   0.49      0.016     0.00033   0.3       0.015     0.00031   0.12      0.0043    8.7e-05   0.011     0         0         0         0         0         0         0         0         0         0         0         0         0         0         0         0         0         0       
   1.6       0.12      0.45      1         0.2      -0.13      0         0         0         0         0         0         0         0         0         0         0         0         0         0         0         0         0         0         0         0         0         0         0         0         0.81      0.2      -0.11      0.6       0.21     -0.099     0.52      0.21     -0.093     0         0         0         0         0         0         0         0         0         0         0         0         0         0         0         0         0         0         0         0         0         0.015     0.12     -0.059     0.27      0.087    -0.098     0.11      0.085    -0.14      0.045     0.052    -0.12      0.024     0.014    -0.039     0         0         0       
   4.5      -0.48      0.059     2         1.1       0.2       0         0         0         0         0         0         0         0         0         0         0         0         0         0         0         0         0         0         0         0         0         0         0         0         1.5       1.1       0.15      0.89      1.1       0.082     0.65      1.1       0.056     0         0         0         0         0         0         0         0         0         0         0         0         0         0         0         0         0         0         0         0         0         0.12      0.04      0.014    -0.056     1.3      -0.0078    0.07      2.1       0.0015   -0.11      1.8      -0.0072   -0.01      0.56     -0.00076   0         0         0       
  -0.17     -3.2      -4.1      -0.29      0.12      2.4       0         0         0         0         0         0         0         0         0         0         0         0         0         0         0         0         0         0         0         0         0         0         0         0        -0.16      0.039     2.1      -0.14      0.042     1.6      -0.24      0.12      1.5       0         0         0         0         0         0         0         0         0         0         0         0         0         0         0         0         0         0         0         0         0        -0.059     0.014     0.044    -0.085     0.015     1.3      -0.031     0.0013    2.1      -0.23      0.01      1.8      -0.091     0.0025    0.55      0         0         0       
  -0.33     -0.0032    0.4       0.15     -0.081    -0.11      0         0         0         0         0         0         0         0         0         0         0         0         0         0         0         0         0         0         0         0         0         0         0         0         0.17     -0.081    -0.11      0.22     -0.082    -0.12      0.24     -0.083    -0.12      0         0         0         0         0         0         0         0         0         0         0         0         0         0         0         0         0         0         0         0         0         0.27     -0.056    -0.085     0.014    -0.034    -0.064     0.11     -0.033    -0.11      0.047    -0.028    -0.1       0.023    -0.0089   -0.033     0         0         0       
   3.7      -0.41     -0.016     1.6       1.6       0.19      0         0         0         0         0         0         0         0         0         0         0         0         0         0         0         0         0         0         0         0         0         0         0         0         1.2       1.6       0.14      0.73      1.6       0.087     0.53      1.6       0.065     0         0         0         0         0         0         0         0         0         0         0         0         0         0         0         0         0         0         0         0         0         0.087     1.3       0.015    -0.034     0.11     -0.0051    0.055     1.8       0.00094  -0.092     1.5      -0.0059   -0.009     0.49     -0.00063   0         0         0       
   0.0052    0.34     -3.7      -0.24     -0.021     1.4       0         0         0         0         0         0         0         0         0         0         0         0         0         0         0         0         0         0         0         0         0         0         0         0        -0.14     -0.012     1.4      -0.15     -0.012     1.5      -0.24     -0.021     1.5       0         0         0         0         0         0         0         0         0         0         0         0         0         0         0         0         0         0         0         0         0        -0.098    -0.0078    1.3      -0.064    -0.0051    0.11     -0.03     -0.0013    1.8      -0.2      -0.00077   1.5      -0.079    -0.0015    0.48      0         0         0       
   0.16     -0.0031    0.0083    0.18      0.083    -0.03      0         0         0         0         0         0         0         0         0         0         0         0         0         0         0         0         0         0         0         0         0         0         0         0         0.16      0.083    -0.031     0.14      0.084    -0.031     0.13      0.084    -0.031     0         0         0         0         0         0         0         0         0         0         0         0         0         0         0         0         0         0         0         0         0         0.11      0.07     -0.031     0.11      0.055    -0.03      0.011     0.015    -0.032     0.038     0.0048   -0.048     0.02      0.00057  -0.017     0         0         0       
   3.6      -0.08      0.00061   1.6       2.4       0.035     0         0         0         0         0         0         0         0         0         0         0         0         0         0         0         0         0         0         0         0         0         0         0         0         1.2       2.4       0.026     0.7       2.4       0.015     0.51      2.4       0.011     0         0         0         0         0         0         0         0         0         0         0         0         0         0         0         0         0         0         0         0         0         0.085     2.1       0.0013   -0.033     1.8      -0.0013    0.015     0.073    -0.0004   -0.053     0.91     -0.0027   -0.0054    0.31     -0.00033   0         0         0       
  -0.0038   -0.11     -3.6      -0.28      0.0054    2.4       0         0         0         0         0         0         0         0         0         0         0         0         0         0         0         0         0         0         0         0         0         0         0         0        -0.19      0.0026    2.4      -0.19      0.0027    2.4      -0.28      0.0054    2.4       0         0         0         0         0         0         0         0         0         0         0         0         0         0         0         0         0         0         0         0         0        -0.14      0.0015    2.1      -0.11      0.00094   1.8      -0.032    -0.0004    0.073    -0.12      0.0023    0.9      -0.048     0.00013   0.3       0         0         0       
  -0.15      0.00026   0.32     -0.0067   -0.12     -0.25      0         0         0         0         0         0         0         0         0         0         0         0         0         0         0         0         0         0         0         0         0         0         0         0         0.0013   -0.12     -0.25      0.022    -0.12     -0.25      0.039    -0.12     -0.26      0         0         0         0         0         0         0         0         0         0         0         0         0         0         0         0         0         0         0         0         0         0.045    -0.11     -0.23      0.047    -0.092    -0.2       0.038    -0.053    -0.12      0.01     -0.014    -0.034     0.02     -0.005    -0.013     0         0         0       
   2.4      -0.32     -0.0046    1.1       2         0.14      0         0         0         0         0         0         0         0         0         0         0         0         0         0         0         0         0         0         0         0         0         0         0         0         0.8       2         0.11      0.47      2         0.066     0.34      2         0.049     0         0         0         0         0         0         0         0         0         0         0         0         0         0         0         0         0         0         0         0         0         0.052     1.8       0.01     -0.028     1.5      -0.00077   0.0048    0.91      0.0023   -0.014     0.014    -0.0019   -0.0018    0.13     -0.00026   0         0         0       
   0.0003    0.15     -2.5      -0.22     -0.013     1.9       0         0         0         0         0         0         0         0         0         0         0         0         0         0         0         0         0         0         0         0         0         0         0         0        -0.15     -0.0091    1.9      -0.16     -0.0092    1.9      -0.22     -0.013     1.9       0         0         0         0         0         0         0         0         0         0         0         0         0         0         0         0         0         0         0         0         0        -0.12     -0.0072    1.8      -0.1      -0.0059    1.5      -0.048    -0.0027    0.9      -0.034    -0.0019    0.014    -0.016    -0.00084   0.11      0         0         0       
  -0.014     1.2e-06   0.12      0.023    -0.011    -0.1       0         0         0         0         0         0         0         0         0         0         0         0         0         0         0         0         0         0         0         0         0         0         0         0         0.021    -0.011    -0.1       0.023    -0.011    -0.1       0.027    -0.011    -0.1       0         0         0         0         0         0         0         0         0         0         0         0         0         0         0         0         0         0         0         0         0         0.024    -0.01     -0.091     0.023    -0.009    -0.079     0.02     -0.0054   -0.048     0.02     -0.0018   -0.016     0.01     -0.00064  -0.0057    0         0         0       
   0.71     -0.12     -7.9e-05   0.31      0.62      0.053     0         0         0         0         0         0         0         0         0         0         0         0         0         0         0         0         0         0         0         0         0         0         0         0         0.23      0.62      0.04      0.14      0.62      0.023     0.099     0.62      0.017     0         0         0         0         0         0         0         0         0         0         0         0         0         0         0         0         0         0         0         0         0         0.014     0.56      0.0025   -0.0089    0.49     -0.0015    0.00057   0.31      0.00013  -0.005     0.13     -0.00084  -0.00064   0.011    -0.00011   0         0         0       
   0         0.014    -0.72     -0.067    -0.0013    0.6       0         0         0         0         0         0         0         0         0         0         0         0         0         0         0         0         0         0         0         0         0         0         0         0        -0.048    -0.00093   0.6      -0.049    -0.00095   0.6      -0.067    -0.0013    0.61      0         0         0         0         0         0         0         0         0         0         0         0         0         0         0         0         0         0         0         0         0        -0.039    -0.00076   0.55     -0.033    -0.00063   0.48     -0.017    -0.00033   0.3      -0.013    -0.00026   0.11     -0.0057   -0.00011   0.011     0         0         0       
   0         0         0         0         0         0         0         0         0         0         0         0         0         0         0         0         0         0         0         0         0         0         0         0         0         0         0         0         0         0         0         0         0         0         0         0         0         0         0         0         0         0         0         0         0         0         0         0         0         0         0         0         0         0         0         0         0         0         0         0         0         0         0         0         0         0         0         0         0         0         0         0         0         0         0         0.067     0         0       
   0         0         0         0         0         0         0         0         0         0         0         0         0         0         0         0         0         0         0         0         0         0         0         0         0         0         0         0         0         0         0         0         0         0         0         0         0         0         0         0         0         0         0         0         0         0         0         0         0         0         0         0         0         0         0         0         0         0         0         0         0         0         0         0         0         0         0         0         0         0         0         0         0         0         0         0         0.067     0       
   0         0         0         0         0         0         0         0         0         0         0         0         0         0         0         0         0         0         0         0         0         0         0         0         0         0         0         0         0         0         0         0         0         0         0         0         0         0         0         0         0         0         0         0         0         0         0         0         0         0         0         0         0         0         0         0         0         0         0         0         0         0         0         0         0         0         0         0         0         0         0         0         0         0         0         0         0         0.01    

QLDIAGINV
   0.044   
   0.044   
   0.018   
   4.8     
   7.1     
   3.3     
   2.2     
   32      
   1.9     
   3.1     
   53      
   3.2     
   60      
   61      
   81      
   97      
   97      
   99      
   2.2     
   31      
   1.9     
   3.1     
   53      
   3.2     
   59      
   60      
   82      
   98      
   97      
   98      
   5.7     
   36      
   5.6     
   15      
   33      
   17      
   3.4     
   9.8     
   2.8     
   20      
   53      
   27      
   14      
   42      
   15      
   69      
   27      
   24      
   74      
   8.7     
   8.7     
   90      
   15      
   15      
   96      
   72      
   73      
   98      
   93      
   94      
   68      
   25      
   23      
   73      
   8.8     
   8.8     
   89      
   14      
   14      
   96      
   72      
   73      
   98      
   93      
   95      
   15      
   15      
   99      

QLDIAGSQRTINV
   0.21    
   0.21    
   0.13    
   2.2     
   2.7     
   1.8     
   1.5     
   5.6     
   1.4     
   1.8     
   7.3     
   1.8     
   7.7     
   7.8     
   9       
   9.9     
   9.8     
   9.9     
   1.5     
   5.6     
   1.4     
   1.8     
   7.3     
   1.8     
   7.7     
   7.7     
   9.1     
   9.9     
   9.8     
   9.9     
   2.4     
   6       
   2.4     
   3.8     
   5.8     
   4.2     
   1.8     
   3.1     
   1.7     
   4.5     
   7.3     
   5.2     
   3.7     
   6.5     
   3.8     
   8.3     
   5.2     
   4.9     
   8.6     
   2.9     
   3       
   9.5     
   3.8     
   3.8     
   9.8     
   8.5     
   8.5     
   9.9     
   9.7     
   9.7     
   8.3     
   5       
   4.8     
   8.5     
   3       
   3       
   9.4     
   3.7     
   3.7     
   9.8     
   8.5     
   8.5     
   9.9     
   9.7     
   9.7     
   3.9     
   3.9     
   10      

B: body-dof matrix
--------------------------------------------------------------------------------
 xxxxxxxxxxxxxxxxxxxxxxxxxxxxxxxxxxxxxxxxxxxxxxxxxxxxxxxxxxxxxxxxxxxxxxxxxxxxxx |
 xxxxxxxxxxxxxxxxxxxxxxxxxxxxxxxxxxxxxxxxxxxxxxxxxxxxxxxxxxxxxxxxxxxxxxxxxxx    |
 xxxxxxxxxxxxxxxxxx                                                             |
 xxxxxxxxxxxxxxxxxx                                                             |
 xxxxxxxxxxxxxxxxxx                                                             |
 xxxxxxxxxxxxxxxxxx                                                             |
 xxxxxx            xxxxxxxxxxxx                                                 |
 xxxxxx            xxxxxxxxxxxx                                                 |
 xxxxxx            xxxxxxxxxxxx                                                 |
 xxxxxx            xxxxxxxxxxxx                                                 |
 xxxxxx                        xxxxxxxxxxxxxxxxxxxxxxxxxxxxxxxxxxxxxxxxxxxxx    |
 xxxxxx                        xxxxxxxxxxxxxxxxxxxxxxxxxxxxxxxxxxxxxxxxxxxxx    |
 xxxxxx                        xxxxxxxxxxxxxxxxxxxxxxxxxxxxxxxxxxxxxxxxxxxxx    |
 xxxxxx                        xxxxxxxxxxxxxxx                                  |
 xxxxxx                        xxxxxxxxxxxxxxx                                  |
 xxxxxx                        xxxxxxxxx      xxxxxxxxxxxxxxx                   |
 xxxxxx                        xxxxxxxxx      xxxxxxxxxxxxxxx                   |
 xxxxxx                        xxxxxxxxx      xxxxxxxxxxxxxxx                   |
 xxxxxx                        xxxxxxxxx      xxxxxxxxxxxxxxx                   |
 xxxxxx                        xxxxxxxxx      xxxxxxxxxxxxxxx                   |
 xxxxxx                        xxxxxxxxx                     xxxxxxxxxxxxxxx    |
 xxxxxx                        xxxxxxxxx                     xxxxxxxxxxxxxxx    |
 xxxxxx                        xxxxxxxxx                     xxxxxxxxxxxxxxx    |
 xxxxxx                        xxxxxxxxx                     xxxxxxxxxxxxxxx    |
 xxxxxx                        xxxxxxxxx                     xxxxxxxxxxxxxxx    |
                                                                                |
                                                                                |
                                                                                |
                                                                            xxx |
                                                                                |
--------------------------------------------------------------------------------

B_rownnz              78 75 18 18 18 18 18 18 18 18 51 51 51 21 21 30 30 30 30 30 30 30 30 30 30 0 0 0 3 0

B_rowadr              0 78 153 171 189 207 225 243 261 279 297 348 399 450 471 492 522 552 582 612 642 672 702 732 762 792 792 792 792 795

B_colind              0 1 2 3 4 5 6 7 8 9 10 11 12 13 14 15 16 17 18 19 20 21 22 23 24 25 26 27 28 29 30 31 32 33 34 35 36 37 38 39 40 41 42 43 44 45 46 47 48 49 50 51 52 53 54 55 56 57 58 59 60 61 62 63 64 65 66 67 68 69 70 71 72 73 74 75 76 77 0 1 2 3 4 5 6 7 8 9 10 11 12 13 14 15 16 17 18 19 20 21 22 23 24 25 26 27 28 29 30 31 32 33 34 35 36 37 38 39 40 41 42 43 44 45 46 47 48 49 50 51 52 53 54 55 56 57 58 59 60 61 62 63 64 65 66 67 68 69 70 71 72 73 74 0 1 2 3 4 5 6 7 8 9 10 11 12 13 14 15 16 17 0 1 2 3 4 5 6 7 8 9 10 11 12 13 14 15 16 17 0 1 2 3 4 5 6 7 8 9 10 11 12 13 14 15 16 17 0 1 2 3 4 5 6 7 8 9 10 11 12 13 14 15 16 17 0 1 2 3 4 5 18 19 20 21 22 23 24 25 26 27 28 29 0 1 2 3 4 5 18 19 20 21 22 23 24 25 26 27 28 29 0 1 2 3 4 5 18 19 20 21 22 23 24 25 26 27 28 29 0 1 2 3 4 5 18 19 20 21 22 23 24 25 26 27 28 29 0 1 2 3 4 5 30 31 32 33 34 35 36 37 38 39 40 41 42 43 44 45 46 47 48 49 50 51 52 53 54 55 56 57 58 59 60 61 62 63 64 65 66 67 68 69 70 71 72 73 74 0 1 2 3 4 5 30 31 32 33 34 35 36 37 38 39 40 41 42 43 44 45 46 47 48 49 50 51 52 53 54 55 56 57 58 59 60 61 62 63 64 65 66 67 68 69 70 71 72 73 74 0 1 2 3 4 5 30 31 32 33 34 35 36 37 38 39 40 41 42 43 44 45 46 47 48 49 50 51 52 53 54 55 56 57 58 59 60 61 62 63 64 65 66 67 68 69 70 71 72 73 74 0 1 2 3 4 5 30 31 32 33 34 35 36 37 38 39 40 41 42 43 44 0 1 2 3 4 5 30 31 32 33 34 35 36 37 38 39 40 41 42 43 44 0 1 2 3 4 5 30 31 32 33 34 35 36 37 38 45 46 47 48 49 50 51 52 53 54 55 56 57 58 59 0 1 2 3 4 5 30 31 32 33 34 35 36 37 38 45 46 47 48 49 50 51 52 53 54 55 56 57 58 59 0 1 2 3 4 5 30 31 32 33 34 35 36 37 38 45 46 47 48 49 50 51 52 53 54 55 56 57 58 59 0 1 2 3 4 5 30 31 32 33 34 35 36 37 38 45 46 47 48 49 50 51 52 53 54 55 56 57 58 59 0 1 2 3 4 5 30 31 32 33 34 35 36 37 38 45 46 47 48 49 50 51 52 53 54 55 56 57 58 59 0 1 2 3 4 5 30 31 32 33 34 35 36 37 38 60 61 62 63 64 65 66 67 68 69 70 71 72 73 74 0 1 2 3 4 5 30 31 32 33 34 35 36 37 38 60 61 62 63 64 65 66 67 68 69 70 71 72 73 74 0 1 2 3 4 5 30 31 32 33 34 35 36 37 38 60 61 62 63 64 65 66 67 68 69 70 71 72 73 74 0 1 2 3 4 5 30 31 32 33 34 35 36 37 38 60 61 62 63 64 65 66 67 68 69 70 71 72 73 74 0 1 2 3 4 5 30 31 32 33 34 35 36 37 38 60 61 62 63 64 65 66 67 68 69 70 71 72 73 74 75 76 77

C: reduced dof-dof matrix
--------------------------------------------------------------------------------
 xxxxxxxxxxxxxxxxxxxxxxxxxxxxxxxxxxxxxxxxxxxxxxxxxxxxxxxxxxxxxxxxxxxxxxxxxxx    |
 xxxxxxxxxxxxxxxxxxxxxxxxxxxxxxxxxxxxxxxxxxxxxxxxxxxxxxxxxxxxxxxxxxxxxxxxxxx    |
 xxxxxxxxxxxxxxxxxxxxxxxxxxxxxxxxxxxxxxxxxxxxxxxxxxxxxxxxxxxxxxxxxxxxxxxxxxx    |
 xxxxxxxxxxxxxxxxxxxxxxxxxxxxxxxxxxxxxxxxxxxxxxxxxxxxxxxxxxxxxxxxxxxxxxxxxxx    |
 xxxxxxxxxxxxxxxxxxxxxxxxxxxxxxxxxxxxxxxxxxxxxxxxxxxxxxxxxxxxxxxxxxxxxxxxxxx    |
 xxxxxxxxxxxxxxxxxxxxxxxxxxxxxxxxxxxxxxxxxxxxxxxxxxxxxxxxxxxxxxxxxxxxxxxxxxx    |
 xxxxxxxxxxxxxxxxxx                                                             |
 xxxxxxxxxxxxxxxxxx                                                             |
 xxxxxxxxxxxxxxxxxx                                                             |
 xxxxxxxxxxxxxxxxxx                                                             |
 xxxxxxxxxxxxxxxxxx                                                             |
 xxxxxxxxxxxxxxxxxx                                                             |
 xxxxxxxxxxxxxxxxxx                                                             |
 xxxxxxxxxxxxxxxxxx                                                             |
 xxxxxxxxxxxxxxxxxx                                                             |
 xxxxxxxxxxxxxxxxxx                                                             |
 xxxxxxxxxxxxxxxxxx                                                             |
 xxxxxxxxxxxxxxxxxx                                                             |
 xxxxxx            xxxxxxxxxxxx                                                 |
 xxxxxx            xxxxxxxxxxxx                                                 |
 xxxxxx            xxxxxxxxxxxx                                                 |
 xxxxxx            xxxxxxxxxxxx                                                 |
 xxxxxx            xxxxxxxxxxxx                                                 |
 xxxxxx            xxxxxxxxxxxx                                                 |
 xxxxxx            xxxxxxxxxxxx                                                 |
 xxxxxx            xxxxxxxxxxxx                                                 |
 xxxxxx            xxxxxxxxxxxx                                                 |
 xxxxxx            xxxxxxxxxxxx                                                 |
 xxxxxx            xxxxxxxxxxxx                                                 |
 xxxxxx            xxxxxxxxxxxx                                                 |
 xxxxxx                        xxxxxxxxxxxxxxxxxxxxxxxxxxxxxxxxxxxxxxxxxxxxx    |
 xxxxxx                        xxxxxxxxxxxxxxxxxxxxxxxxxxxxxxxxxxxxxxxxxxxxx    |
 xxxxxx                        xxxxxxxxxxxxxxxxxxxxxxxxxxxxxxxxxxxxxxxxxxxxx    |
 xxxxxx                        xxxxxxxxxxxxxxxxxxxxxxxxxxxxxxxxxxxxxxxxxxxxx    |
 xxxxxx                        xxxxxxxxxxxxxxxxxxxxxxxxxxxxxxxxxxxxxxxxxxxxx    |
 xxxxxx                        xxxxxxxxxxxxxxxxxxxxxxxxxxxxxxxxxxxxxxxxxxxxx    |
 xxxxxx                        xxxxxxxxxxxxxxxxxxxxxxxxxxxxxxxxxxxxxxxxxxxxx    |
 xxxxxx                        xxxxxxxxxxxxxxxxxxxxxxxxxxxxxxxxxxxxxxxxxxxxx    |
 xxxxxx                        xxxxxxxxxxxxxxxxxxxxxxxxxxxxxxxxxxxxxxxxxxxxx    |
 xxxxxx                        xxxxxxxxxxxxxxx                                  |
 xxxxxx                        xxxxxxxxxxxxxxx                                  |
 xxxxxx                        xxxxxxxxxxxxxxx                                  |
 xxxxxx                        xxxxxxxxxxxxxxx                                  |
 xxxxxx                        xxxxxxxxxxxxxxx                                  |
 xxxxxx                        xxxxxxxxxxxxxxx                                  |
 xxxxxx                        xxxxxxxxx      xxxxxxxxxxxxxxx                   |
 xxxxxx                        xxxxxxxxx      xxxxxxxxxxxxxxx                   |
 xxxxxx                        xxxxxxxxx      xxxxxxxxxxxxxxx                   |
 xxxxxx                        xxxxxxxxx      xxxxxxxxxxxxxxx                   |
 xxxxxx                        xxxxxxxxx      xxxxxxxxxxxxxxx                   |
 xxxxxx                        xxxxxxxxx      xxxxxxxxxxxxxxx                   |
 xxxxxx                        xxxxxxxxx      xxxxxxxxxxxxxxx                   |
 xxxxxx                        xxxxxxxxx      xxxxxxxxxxxxxxx                   |
 xxxxxx                        xxxxxxxxx      xxxxxxxxxxxxxxx                   |
 xxxxxx                        xxxxxxxxx      xxxxxxxxxxxxxxx                   |
 xxxxxx                        xxxxxxxxx      xxxxxxxxxxxxxxx                   |
 xxxxxx                        xxxxxxxxx      xxxxxxxxxxxxxxx                   |
 xxxxxx                        xxxxxxxxx      xxxxxxxxxxxxxxx                   |
 xxxxxx                        xxxxxxxxx      xxxxxxxxxxxxxxx                   |
 xxxxxx                        xxxxxxxxx      xxxxxxxxxxxxxxx                   |
 xxxxxx                        xxxxxxxxx                     xxxxxxxxxxxxxxx    |
 xxxxxx                        xxxxxxxxx                     xxxxxxxxxxxxxxx    |
 xxxxxx                        xxxxxxxxx                     xxxxxxxxxxxxxxx    |
 xxxxxx                        xxxxxxxxx                     xxxxxxxxxxxxxxx    |
 xxxxxx                        xxxxxxxxx                     xxxxxxxxxxxxxxx    |
 xxxxxx                        xxxxxxxxx                     xxxxxxxxxxxxxxx    |
 xxxxxx                        xxxxxxxxx                     xxxxxxxxxxxxxxx    |
 xxxxxx                        xxxxxxxxx                     xxxxxxxxxxxxxxx    |
 xxxxxx                        xxxxxxxxx                     xxxxxxxxxxxxxxx    |
 xxxxxx                        xxxxxxxxx                     xxxxxxxxxxxxxxx    |
 xxxxxx                        xxxxxxxxx                     xxxxxxxxxxxxxxx    |
 xxxxxx                        xxxxxxxxx                     xxxxxxxxxxxxxxx    |
 xxxxxx                        xxxxxxxxx                     xxxxxxxxxxxxxxx    |
 xxxxxx                        xxxxxxxxx                     xxxxxxxxxxxxxxx    |
 xxxxxx                        xxxxxxxxx                     xxxxxxxxxxxxxxx    |
                                                                            x   |
                                                                             x  |
                                                                              x |
--------------------------------------------------------------------------------

C_rownnz              75 75 75 75 75 75 18 18 18 18 18 18 18 18 18 18 18 18 18 18 18 18 18 18 18 18 18 18 18 18 51 51 51 51 51 51 51 51 51 21 21 21 21 21 21 30 30 30 30 30 30 30 30 30 30 30 30 30 30 30 30 30 30 30 30 30 30 30 30 30 30 30 30 30 30 1 1 1

C_rowadr              0 75 150 225 300 375 450 468 486 504 522 540 558 576 594 612 630 648 666 684 702 720 738 756 774 792 810 828 846 864 882 933 984 1035 1086 1137 1188 1239 1290 1341 1362 1383 1404 1425 1446 1467 1497 1527 1557 1587 1617 1647 1677 1707 1737 1767 1797 1827 1857 1887 1917 1947 1977 2007 2037 2067 2097 2127 2157 2187 2217 2247 2277 2307 2337 2367 2368 2369

C_colind              0 1 2 3 4 5 6 7 8 9 10 11 12 13 14 15 16 17 18 19 20 21 22 23 24 25 26 27 28 29 30 31 32 33 34 35 36 37 38 39 40 41 42 43 44 45 46 47 48 49 50 51 52 53 54 55 56 57 58 59 60 61 62 63 64 65 66 67 68 69 70 71 72 73 74 0 1 2 3 4 5 6 7 8 9 10 11 12 13 14 15 16 17 18 19 20 21 22 23 24 25 26 27 28 29 30 31 32 33 34 35 36 37 38 39 40 41 42 43 44 45 46 47 48 49 50 51 52 53 54 55 56 57 58 59 60 61 62 63 64 65 66 67 68 69 70 71 72 73 74 0 1 2 3 4 5 6 7 8 9 10 11 12 13 14 15 16 17 18 19 20 21 22 23 24 25 26 27 28 29 30 31 32 33 34 35 36 37 38 39 40 41 42 43 44 45 46 47 48 49 50 51 52 53 54 55 56 57 58 59 60 61 62 63 64 65 66 67 68 69 70 71 72 73 74 0 1 2 3 4 5 6 7 8 9 10 11 12 13 14 15 16 17 18 19 20 21 22 23 24 25 26 27 28 29 30 31 32 33 34 35 36 37 38 39 40 41 42 43 44 45 46 47 48 49 50 51 52 53 54 55 56 57 58 59 60 61 62 63 64 65 66 67 68 69 70 71 72 73 74 0 1 2 3 4 5 6 7 8 9 10 11 12 13 14 15 16 17 18 19 20 21 22 23 24 25 26 27 28 29 30 31 32 33 34 35 36 37 38 39 40 41 42 43 44 45 46 47 48 49 50 51 52 53 54 55 56 57 58 59 60 61 62 63 64 65 66 67 68 69 70 71 72 73 74 0 1 2 3 4 5 6 7 8 9 10 11 12 13 14 15 16 17 18 19 20 21 22 23 24 25 26 27 28 29 30 31 32 33 34 35 36 37 38 39 40 41 42 43 44 45 46 47 48 49 50 51 52 53 54 55 56 57 58 59 60 61 62 63 64 65 66 67 68 69 70 71 72 73 74 0 1 2 3 4 5 6 7 8 9 10 11 12 13 14 15 16 17 0 1 2 3 4 5 6 7 8 9 10 11 12 13 14 15 16 17 0 1 2 3 4 5 6 7 8 9 10 11 12 13 14 15 16 17 0 1 2 3 4 5 6 7 8 9 10 11 12 13 14 15 16 17 0 1 2 3 4 5 6 7 8 9 10 11 12 13 14 15 16 17 0 1 2 3 4 5 6 7 8 9 10 11 12 13 14 15 16 17 0 1 2 3 4 5 6 7 8 9 10 11 12 13 14 15 16 17 0 1 2 3 4 5 6 7 8 9 10 11 12 13 14 15 16 17 0 1 2 3 4 5 6 7 8 9 10 11 12 13 14 15 16 17 0 1 2 3 4 5 6 7 8 9 10 11 12 13 14 15 16 17 0 1 2 3 4 5 6 7 8 9 10 11 12 13 14 15 16 17 0 1 2 3 4 5 6 7 8 9 10 11 12 13 14 15 16 17 0 1 2 3 4 5 18 19 20 21 22 23 24 25 26 27 28 29 0 1 2 3 4 5 18 19 20 21 22 23 24 25 26 27 28 29 0 1 2 3 4 5 18 19 20 21 22 23 24 25 26 27 28 29 0 1 2 3 4 5 18 19 20 21 22 23 24 25 26 27 28 29 0 1 2 3 4 5 18 19 20 21 22 23 24 25 26 27 28 29 0 1 2 3 4 5 18 19 20 21 22 23 24 25 26 27 28 29 0 1 2 3 4 5 18 19 20 21 22 23 24 25 26 27 28 29 0 1 2 3 4 5 18 19 20 21 22 23 24 25 26 27 28 29 0 1 2 3 4 5 18 19 20 21 22 23 24 25 26 27 28 29 0 1 2 3 4 5 18 19 20 21 22 23 24 25 26 27 28 29 0 1 2 3 4 5 18 19 20 21 22 23 24 25 26 27 28 29 0 1 2 3 4 5 18 19 20 21 22 23 24 25 26 27 28 29 0 1 2 3 4 5 30 31 32 33 34 35 36 37 38 39 40 41 42 43 44 45 46 47 48 49 50 51 52 53 54 55 56 57 58 59 60 61 62 63 64 65 66 67 68 69 70 71 72 73 74 0 1 2 3 4 5 30 31 32 33 34 35 36 37 38 39 40 41 42 43 44 45 46 47 48 49 50 51 52 53 54 55 56 57 58 59 60 61 62 63 64 65 66 67 68 69 70 71 72 73 74 0 1 2 3 4 5 30 31 32 33 34 35 36 37 38 39 40 41 42 43 44 45 46 47 48 49 50 51 52 53 54 55 56 57 58 59 60 61 62 63 64 65 66 67 68 69 70 71 72 73 74 0 1 2 3 4 5 30 31 32 33 34 35 36 37 38 39 40 41 42 43 44 45 46 47 48 49 50 51 52 53 54 55 56 57 58 59 60 61 62 63 64 65 66 67 68 69 70 71 72 73 74 0 1 2 3 4 5 30 31 32 33 34 35 36 37 38 39 40 41 42 43 44 45 46 47 48 49 50 51 52 53 54 55 56 57 58 59 60 61 62 63 64 65 66 67 68 69 70 71 72 73 74 0 1 2 3 4 5 30 31 32 33 34 35 36 37 38 39 40 41 42 43 44 45 46 47 48 49 50 51 52 53 54 55 56 57 58 59 60 61 62 63 64 65 66 67 68 69 70 71 72 73 74 0 1 2 3 4 5 30 31 32 33 34 35 36 37 38 39 40 41 42 43 44 45 46 47 48 49 50 51 52 53 54 55 56 57 58 59 60 61 62 63 64 65 66 67 68 69 70 71 72 73 74 0 1 2 3 4 5 30 31 32 33 34 35 36 37 38 39 40 41 42 43 44 45 46 47 48 49 50 51 52 53 54 55 56 57 58 59 60 61 62 63 64 65 66 67 68 69 70 71 72 73 74 0 1 2 3 4 5 30 31 32 33 34 35 36 37 38 39 40 41 42 43 44 45 46 47 48 49 50 51 52 53 54 55 56 57 58 59 60 61 62 63 64 65 66 67 68 69 70 71 72 73 74 0 1 2 3 4 5 30 31 32 33 34 35 36 37 38 39 40 41 42 43 44 0 1 2 3 4 5 30 31 32 33 34 35 36 37 38 39 40 41 42 43 44 0 1 2 3 4 5 30 31 32 33 34 35 36 37 38 39 40 41 42 43 44 0 1 2 3 4 5 30 31 32 33 34 35 36 37 38 39 40 41 42 43 44 0 1 2 3 4 5 30 31 32 33 34 35 36 37 38 39 40 41 42 43 44 0 1 2 3 4 5 30 31 32 33 34 35 36 37 38 39 40 41 42 43 44 0 1 2 3 4 5 30 31 32 33 34 35 36 37 38 45 46 47 48 49 50 51 52 53 54 55 56 57 58 59 0 1 2 3 4 5 30 31 32 33 34 35 36 37 38 45 46 47 48 49 50 51 52 53 54 55 56 57 58 59 0 1 2 3 4 5 30 31 32 33 34 35 36 37 38 45 46 47 48 49 50 51 52 53 54 55 56 57 58 59 0 1 2 3 4 5 30 31 32 33 34 35 36 37 38 45 46 47 48 49 50 51 52 53 54 55 56 57 58 59 0 1 2 3 4 5 30 31 32 33 34 35 36 37 38 45 46 47 48 49 50 51 52 53 54 55 56 57 58 59 0 1 2 3 4 5 30 31 32 33 34 35 36 37 38 45 46 47 48 49 50 51 52 53 54 55 56 57 58 59 0 1 2 3 4 5 30 31 32 33 34 35 36 37 38 45 46 47 48 49 50 51 52 53 54 55 56 57 58 59 0 1 2 3 4 5 30 31 32 33 34 35 36 37 38 45 46 47 48 49 50 51 52 53 54 55 56 57 58 59 0 1 2 3 4 5 30 31 32 33 34 35 36 37 38 45 46 47 48 49 50 51 52 53 54 55 56 57 58 59 0 1 2 3 4 5 30 31 32 33 34 35 36 37 38 45 46 47 48 49 50 51 52 53 54 55 56 57 58 59 0 1 2 3 4 5 30 31 32 33 34 35 36 37 38 45 46 47 48 49 50 51 52 53 54 55 56 57 58 59 0 1 2 3 4 5 30 31 32 33 34 35 36 37 38 45 46 47 48 49 50 51 52 53 54 55 56 57 58 59 0 1 2 3 4 5 30 31 32 33 34 35 36 37 38 45 46 47 48 49 50 51 52 53 54 55 56 57 58 59 0 1 2 3 4 5 30 31 32 33 34 35 36 37 38 45 46 47 48 49 50 51 52 53 54 55 56 57 58 59 0 1 2 3 4 5 30 31 32 33 34 35 36 37 38 45 46 47 48 49 50 51 52 53 54 55 56 57 58 59 0 1 2 3 4 5 30 31 32 33 34 35 36 37 38 60 61 62 63 64 65 66 67 68 69 70 71 72 73 74 0 1 2 3 4 5 30 31 32 33 34 35 36 37 38 60 61 62 63 64 65 66 67 68 69 70 71 72 73 74 0 1 2 3 4 5 30 31 32 33 34 35 36 37 38 60 61 62 63 64 65 66 67 68 69 70 71 72 73 74 0 1 2 3 4 5 30 31 32 33 34 35 36 37 38 60 61 62 63 64 65 66 67 68 69 70 71 72 73 74 0 1 2 3 4 5 30 31 32 33 34 35 36 37 38 60 61 62 63 64 65 66 67 68 69 70 71 72 73 74 0 1 2 3 4 5 30 31 32 33 34 35 36 37 38 60 61 62 63 64 65 66 67 68 69 70 71 72 73 74 0 1 2 3 4 5 30 31 32 33 34 35 36 37 38 60 61 62 63 64 65 66 67 68 69 70 71 72 73 74 0 1 2 3 4 5 30 31 32 33 34 35 36 37 38 60 61 62 63 64 65 66 67 68 69 70 71 72 73 74 0 1 2 3 4 5 30 31 32 33 34 35 36 37 38 60 61 62 63 64 65 66 67 68 69 70 71 72 73 74 0 1 2 3 4 5 30 31 32 33 34 35 36 37 38 60 61 62 63 64 65 66 67 68 69 70 71 72 73 74 0 1 2 3 4 5 30 31 32 33 34 35 36 37 38 60 61 62 63 64 65 66 67 68 69 70 71 72 73 74 0 1 2 3 4 5 30 31 32 33 34 35 36 37 38 60 61 62 63 64 65 66 67 68 69 70 71 72 73 74 0 1 2 3 4 5 30 31 32 33 34 35 36 37 38 60 61 62 63 64 65 66 67 68 69 70 71 72 73 74 0 1 2 3 4 5 30 31 32 33 34 35 36 37 38 60 61 62 63 64 65 66 67 68 69 70 71 72 73 74 0 1 2 3 4 5 30 31 32 33 34 35 36 37 38 60 61 62 63 64 65 66 67 68 69 70 71 72 73 74 75 76 77

mapM2C                0 2 5 9 14 20 27 35 44 54 65 77 90 104 119 135 152 170 177 185 194 204 215 227 240 254 269 285 302 320 327 335 344 354 365 377 390 404 419 435 452 470 489 509 530 546 563 581 600 620 641 663 686 710 735 761 788 816 845 875 891 908 926 945 965 986 1008 1031 1055 1080 1106 1133 1161 1190 1220 2 1 4 8 13 19 26 34 43 53 64 76 89 103 118 134 151 169 176 184 193 203 214 226 239 253 268 284 301 319 326 334 343 353 364 376 389 403 418 434 451 469 488 508 529 545 562 580 599 619 640 662 685 709 734 760 787 815 844 874 890 907 925 944 964 985 1007 1030 1054 1079 1105 1132 1160 1189 1219 5 4 3 7 12 18 25 33 42 52 63 75 88 102 117 133 150 168 175 183 192 202 213 225 238 252 267 283 300 318 325 333 342 352 363 375 388 402 417 433 450 468 487 507 528 544 561 579 598 618 639 661 684 708 733 759 786 814 843 873 889 906 924 943 963 984 1006 1029 1053 1078 1104 1131 1159 1188 1218 9 8 7 6 11 17 24 32 41 51 62 74 87 101 116 132 149 167 174 182 191 201 212 224 237 251 266 282 299 317 324 332 341 351 362 374 387 401 416 432 449 467 486 506 527 543 560 578 597 617 638 660 683 707 732 758 785 813 842 872 888 905 923 942 962 983 1005 1028 1052 1077 1103 1130 1158 1187 1217 14 13 12 11 10 16 23 31 40 50 61 73 86 100 115 131 148 166 173 181 190 200 211 223 236 250 265 281 298 316 323 331 340 350 361 373 386 400 415 431 448 466 485 505 526 542 559 577 596 616 637 659 682 706 731 757 784 812 841 871 887 904 922 941 961 982 1004 1027 1051 1076 1102 1129 1157 1186 1216 20 19 18 17 16 15 22 30 39 49 60 72 85 99 114 130 147 165 172 180 189 199 210 222 235 249 264 280 297 315 322 330 339 349 360 372 385 399 414 430 447 465 484 504 525 541 558 576 595 615 636 658 681 705 730 756 783 811 840 870 886 903 921 940 960 981 1003 1026 1050 1075 1101 1128 1156 1185 1215 27 26 25 24 23 22 21 29 38 48 59 71 84 98 113 129 146 164 35 34 33 32 31 30 29 28 37 47 58 70 83 97 112 128 145 163 44 43 42 41 40 39 38 37 36 46 57 69 82 96 111 127 144 162 54 53 52 51 50 49 48 47 46 45 56 68 81 95 110 126 143 161 65 64 63 62 61 60 59 58 57 56 55 67 80 94 109 125 142 160 77 76 75 74 73 72 71 70 69 68 67 66 79 93 108 124 141 159 90 89 88 87 86 85 84 83 82 81 80 79 78 92 107 123 140 158 104 103 102 101 100 99 98 97 96 95 94 93 92 91 106 122 139 157 119 118 117 116 115 114 113 112 111 110 109 108 107 106 105 121 138 156 135 134 133 132 131 130 129 128 127 126 125 124 123 122 121 120 137 155 152 151 150 149 148 147 146 145 144 143 142 141 140 139 138 137 136 154 170 169 168 167 166 165 164 163 162 161 160 159 158 157 156 155 154 153 177 176 175 174 173 172 171 179 188 198 209 221 234 248 263 279 296 314 185 184 183 182 181 180 179 178 187 197 208 220 233 247 262 278 295 313 194 193 192 191 190 189 188 187 186 196 207 219 232 246 261 277 294 312 204 203 202 201 200 199 198 197 196 195 206 218 231 245 260 276 293 311 215 214 213 212 211 210 209 208 207 206 205 217 230 244 259 275 292 310 227 226 225 224 223 222 221 220 219 218 217 216 229 243 258 274 291 309 240 239 238 237 236 235 234 233 232 231 230 229 228 242 257 273 290 308 254 253 252 251 250 249 248 247 246 245 244 243 242 241 256 272 289 307 269 268 267 266 265 264 263 262 261 260 259 258 257 256 255 271 288 306 285 284 283 282 281 280 279 278 277 276 275 274 273 272 271 270 287 305 302 301 300 299 298 297 296 295 294 293 292 291 290 289 288 287 286 304 320 319 318 317 316 315 314 313 312 311 310 309 308 307 306 305 304 303 327 326 325 324 323 322 321 329 338 348 359 371 384 398 413 429 446 464 483 503 524 540 557 575 594 614 635 657 680 704 729 755 782 810 839 869 885 902 920 939 959 980 1002 1025 1049 1074 1100 1127 1155 1184 1214 335 334 333 332 331 330 329 328 337 347 358 370 383 397 412 428 445 463 482 502 523 539 556 574 593 613 634 656 679 703 728 754 781 809 838 868 884 901 919 938 958 979 1001 1024 1048 1073 1099 1126 1154 1183 1213 344 343 342 341 340 339 338 337 336 346 357 369 382 396 411 427 444 462 481 501 522 538 555 573 592 612 633 655 678 702 727 753 780 808 837 867 883 900 918 937 957 978 1000 1023 1047 1072 1098 1125 1153 1182 1212 354 353 352 351 350 349 348 347 346 345 356 368 381 395 410 426 443 461 480 500 521 537 554 572 591 611 632 654 677 701 726 752 779 807 836 866 882 899 917 936 956 977 999 1022 1046 1071 1097 1124 1152 1181 1211 365 364 363 362 361 360 359 358 357 356 355 367 380 394 409 425 442 460 479 499 520 536 553 571 590 610 631 653 676 700 725 751 778 806 835 865 881 898 916 935 955 976 998 1021 1045 1070 1096 1123 1151 1180 1210 377 376 375 374 373 372 371 370 369 368 367 366 379 393 408 424 441 459 478 498 519 535 552 570 589 609 630 652 675 699 724 750 777 805 834 864 880 897 915 934 954 975 997 1020 1044 1069 1095 1122 1150 1179 1209 390 389 388 387 386 385 384 383 382 381 380 379 378 392 407 423 440 458 477 497 518 534 551 569 588 608 629 651 674 698 723 749 776 804 833 863 879 896 914 933 953 974 996 1019 1043 1068 1094 1121 1149 1178 1208 404 403 402 401 400 399 398 397 396 395 394 393 392 391 406 422 439 457 476 496 517 533 550 568 587 607 628 650 673 697 722 748 775 803 832 862 878 895 913 932 952 973 995 1018 1042 1067 1093 1120 1148 1177 1207 419 418 417 416 415 414 413 412 411 410 409 408 407 406 405 421 438 456 475 495 516 532 549 567 586 606 627 649 672 696 721 747 774 802 831 861 877 894 912 931 951 972 994 1017 1041 1066 1092 1119 1147 1176 1206 435 434 433 432 431 430 429 428 427 426 425 424 423 422 421 420 437 455 474 494 515 452 451 450 449 448 447 446 445 444 443 442 441 440 439 438 437 436 454 473 493 514 470 469 468 467 466 465 464 463 462 461 460 459 458 457 456 455 454 453 472 492 513 489 488 487 486 485 484 483 482 481 480 479 478 477 476 475 474 473 472 471 491 512 509 508 507 506 505 504 503 502 501 500 499 498 497 496 495 494 493 492 491 490 511 530 529 528 527 526 525 524 523 522 521 520 519 518 517 516 515 514 513 512 511 510 546 545 544 543 542 541 540 539 538 537 536 535 534 533 532 531 548 566 585 605 626 648 671 695 720 746 773 801 830 860 563 562 561 560 559 558 557 556 555 554 553 552 551 550 549 548 547 565 584 604 625 647 670 694 719 745 772 800 829 859 581 580 579 578 577 576 575 574 573 572 571 570 569 568 567 566 565 564 583 603 624 646 669 693 718 744 771 799 828 858 600 599 598 597 596 595 594 593 592 591 590 589 588 587 586 585 584 583 582 602 623 645 668 692 717 743 770 798 827 857 620 619 618 617 616 615 614 613 612 611 610 609 608 607 606 605 604 603 602 601 622 644 667 691 716 742 769 797 826 856 641 640 639 638 637 636 635 634 633 632 631 630 629 628 627 626 625 624 623 622 621 643 666 690 715 741 768 796 825 855 663 662 661 660 659 658 657 656 655 654 653 652 651 650 649 648 647 646 645 644 643 642 665 689 714 740 767 795 824 854 686 685 684 683 682 681 680 679 678 677 676 675 674 673 672 671 670 669 668 667 666 665 664 688 713 739 766 794 823 853 710 709 708 707 706 705 704 703 702 701 700 699 698 697 696 695 694 693 692 691 690 689 688 687 712 738 765 793 822 852 735 734 733 732 731 730 729 728 727 726 725 724 723 722 721 720 719 718 717 716 715 714 713 712 711 737 764 792 821 851 761 760 759 758 757 756 755 754 753 752 751 750 749 748 747 746 745 744 743 742 741 740 739 738 737 736 763 791 820 850 788 787 786 785 784 783 782 781 780 779 778 777 776 775 774 773 772 771 770 769 768 767 766 765 764 763 762 790 819 849 816 815 814 813 812 811 810 809 808 807 806 805 804 803 802 801 800 799 798 797 796 795 794 793 792 791 790 789 818 848 845 844 843 842 841 840 839 838 837 836 835 834 833 832 831 830 829 828 827 826 825 824 823 822 821 820 819 818 817 847 875 874 873 872 871 870 869 868 867 866 865 864 863 862 861 860 859 858 857 856 855 854 853 852 851 850 849 848 847 846 891 890 889 888 887 886 885 884 883 882 881 880 879 878 877 876 893 911 930 950 971 993 1016 1040 1065 1091 1118 1146 1175 1205 908 907 906 905 904 903 902 901 900 899 898 897 896 895 894 893 892 910 929 949 970 992 1015 1039 1064 1090 1117 1145 1174 1204 926 925 924 923 922 921 920 919 918 917 916 915 914 913 912 911 910 909 928 948 969 991 1014 1038 1063 1089 1116 1144 1173 1203 945 944 943 942 941 940 939 938 937 936 935 934 933 932 931 930 929 928 927 947 968 990 1013 1037 1062 1088 1115 1143 1172 1202 965 964 963 962 961 960 959 958 957 956 955 954 953 952 951 950 949 948 947 946 967 989 1012 1036 1061 1087 1114 1142 1171 1201 986 985 984 983 982 981 980 979 978 977 976 975 974 973 972 971 970 969 968 967 966 988 1011 1035 1060 1086 1113 1141 1170 1200 1008 1007 1006 1005 1004 1003 1002 1001 1000 999 998 997 996 995 994 993 992 991 990 989 988 987 1010 1034 1059 1085 1112 1140 1169 1199 1031 1030 1029 1028 1027 1026 1025 1024 1023 1022 1021 1020 1019 1018 1017 1016 1015 1014 1013 1012 1011 1010 1009 1033 1058 1084 1111 1139 1168 1198 1055 1054 1053 1052 1051 1050 1049 1048 1047 1046 1045 1044 1043 1042 1041 1040 1039 1038 1037 1036 1035 1034 1033 1032 1057 1083 1110 1138 1167 1197 1080 1079 1078 1077 1076 1075 1074 1073 1072 1071 1070 1069 1068 1067 1066 1065 1064 1063 1062 1061 1060 1059 1058 1057 1056 1082 1109 1137 1166 1196 1106 1105 1104 1103 1102 1101 1100 1099 1098 1097 1096 1095 1094 1093 1092 1091 1090 1089 1088 1087 1086 1085 1084 1083 1082 1081 1108 1136 1165 1195 1133 1132 1131 1130 1129 1128 1127 1126 1125 1124 1123 1122 1121 1120 1119 1118 1117 1116 1115 1114 1113 1112 1111 1110 1109 1108 1107 1135 1164 1194 1161 1160 1159 1158 1157 1156 1155 1154 1153 1152 1151 1150 1149 1148 1147 1146 1145 1144 1143 1142 1141 1140 1139 1138 1137 1136 1135 1134 1163 1193 1190 1189 1188 1187 1186 1185 1184 1183 1182 1181 1180 1179 1178 1177 1176 1175 1174 1173 1172 1171 1170 1169 1168 1167 1166 1165 1164 1163 1162 1192 1220 1219 1218 1217 1216 1215 1214 1213 1212 1211 1210 1209 1208 1207 1206 1205 1204 1203 1202 1201 1200 1199 1198 1197 1196 1195 1194 1193 1192 1191 1221 1222 1224

D: dof-dof matrix
--------------------------------------------------------------------------------
 xxxxxxxxxxxxxxxxxxxxxxxxxxxxxxxxxxxxxxxxxxxxxxxxxxxxxxxxxxxxxxxxxxxxxxxxxxx    |
 xxxxxxxxxxxxxxxxxxxxxxxxxxxxxxxxxxxxxxxxxxxxxxxxxxxxxxxxxxxxxxxxxxxxxxxxxxx    |
 xxxxxxxxxxxxxxxxxxxxxxxxxxxxxxxxxxxxxxxxxxxxxxxxxxxxxxxxxxxxxxxxxxxxxxxxxxx    |
 xxxxxxxxxxxxxxxxxxxxxxxxxxxxxxxxxxxxxxxxxxxxxxxxxxxxxxxxxxxxxxxxxxxxxxxxxxx    |
 xxxxxxxxxxxxxxxxxxxxxxxxxxxxxxxxxxxxxxxxxxxxxxxxxxxxxxxxxxxxxxxxxxxxxxxxxxx    |
 xxxxxxxxxxxxxxxxxxxxxxxxxxxxxxxxxxxxxxxxxxxxxxxxxxxxxxxxxxxxxxxxxxxxxxxxxxx    |
 xxxxxxxxxxxxxxxxxx                                                             |
 xxxxxxxxxxxxxxxxxx                                                             |
 xxxxxxxxxxxxxxxxxx                                                             |
 xxxxxxxxxxxxxxxxxx                                                             |
 xxxxxxxxxxxxxxxxxx                                                             |
 xxxxxxxxxxxxxxxxxx                                                             |
 xxxxxxxxxxxxxxxxxx                                                             |
 xxxxxxxxxxxxxxxxxx                                                             |
 xxxxxxxxxxxxxxxxxx                                                             |
 xxxxxxxxxxxxxxxxxx                                                             |
 xxxxxxxxxxxxxxxxxx                                                             |
 xxxxxxxxxxxxxxxxxx                                                             |
 xxxxxx            xxxxxxxxxxxx                                                 |
 xxxxxx            xxxxxxxxxxxx                                                 |
 xxxxxx            xxxxxxxxxxxx                                                 |
 xxxxxx            xxxxxxxxxxxx                                                 |
 xxxxxx            xxxxxxxxxxxx                                                 |
 xxxxxx            xxxxxxxxxxxx                                                 |
 xxxxxx            xxxxxxxxxxxx                                                 |
 xxxxxx            xxxxxxxxxxxx                                                 |
 xxxxxx            xxxxxxxxxxxx                                                 |
 xxxxxx            xxxxxxxxxxxx                                                 |
 xxxxxx            xxxxxxxxxxxx                                                 |
 xxxxxx            xxxxxxxxxxxx                                                 |
 xxxxxx                        xxxxxxxxxxxxxxxxxxxxxxxxxxxxxxxxxxxxxxxxxxxxx    |
 xxxxxx                        xxxxxxxxxxxxxxxxxxxxxxxxxxxxxxxxxxxxxxxxxxxxx    |
 xxxxxx                        xxxxxxxxxxxxxxxxxxxxxxxxxxxxxxxxxxxxxxxxxxxxx    |
 xxxxxx                        xxxxxxxxxxxxxxxxxxxxxxxxxxxxxxxxxxxxxxxxxxxxx    |
 xxxxxx                        xxxxxxxxxxxxxxxxxxxxxxxxxxxxxxxxxxxxxxxxxxxxx    |
 xxxxxx                        xxxxxxxxxxxxxxxxxxxxxxxxxxxxxxxxxxxxxxxxxxxxx    |
 xxxxxx                        xxxxxxxxxxxxxxxxxxxxxxxxxxxxxxxxxxxxxxxxxxxxx    |
 xxxxxx                        xxxxxxxxxxxxxxxxxxxxxxxxxxxxxxxxxxxxxxxxxxxxx    |
 xxxxxx                        xxxxxxxxxxxxxxxxxxxxxxxxxxxxxxxxxxxxxxxxxxxxx    |
 xxxxxx                        xxxxxxxxxxxxxxx                                  |
 xxxxxx                        xxxxxxxxxxxxxxx                                  |
 xxxxxx                        xxxxxxxxxxxxxxx                                  |
 xxxxxx                        xxxxxxxxxxxxxxx                                  |
 xxxxxx                        xxxxxxxxxxxxxxx                                  |
 xxxxxx                        xxxxxxxxxxxxxxx                                  |
 xxxxxx                        xxxxxxxxx      xxxxxxxxxxxxxxx                   |
 xxxxxx                        xxxxxxxxx      xxxxxxxxxxxxxxx                   |
 xxxxxx                        xxxxxxxxx      xxxxxxxxxxxxxxx                   |
 xxxxxx                        xxxxxxxxx      xxxxxxxxxxxxxxx                   |
 xxxxxx                        xxxxxxxxx      xxxxxxxxxxxxxxx                   |
 xxxxxx                        xxxxxxxxx      xxxxxxxxxxxxxxx                   |
 xxxxxx                        xxxxxxxxx      xxxxxxxxxxxxxxx                   |
 xxxxxx                        xxxxxxxxx      xxxxxxxxxxxxxxx                   |
 xxxxxx                        xxxxxxxxx      xxxxxxxxxxxxxxx                   |
 xxxxxx                        xxxxxxxxx      xxxxxxxxxxxxxxx                   |
 xxxxxx                        xxxxxxxxx      xxxxxxxxxxxxxxx                   |
 xxxxxx                        xxxxxxxxx      xxxxxxxxxxxxxxx                   |
 xxxxxx                        xxxxxxxxx      xxxxxxxxxxxxxxx                   |
 xxxxxx                        xxxxxxxxx      xxxxxxxxxxxxxxx                   |
 xxxxxx                        xxxxxxxxx      xxxxxxxxxxxxxxx                   |
 xxxxxx                        xxxxxxxxx                     xxxxxxxxxxxxxxx    |
 xxxxxx                        xxxxxxxxx                     xxxxxxxxxxxxxxx    |
 xxxxxx                        xxxxxxxxx                     xxxxxxxxxxxxxxx    |
 xxxxxx                        xxxxxxxxx                     xxxxxxxxxxxxxxx    |
 xxxxxx                        xxxxxxxxx                     xxxxxxxxxxxxxxx    |
 xxxxxx                        xxxxxxxxx                     xxxxxxxxxxxxxxx    |
 xxxxxx                        xxxxxxxxx                     xxxxxxxxxxxxxxx    |
 xxxxxx                        xxxxxxxxx                     xxxxxxxxxxxxxxx    |
 xxxxxx                        xxxxxxxxx                     xxxxxxxxxxxxxxx    |
 xxxxxx                        xxxxxxxxx                     xxxxxxxxxxxxxxx    |
 xxxxxx                        xxxxxxxxx                     xxxxxxxxxxxxxxx    |
 xxxxxx                        xxxxxxxxx                     xxxxxxxxxxxxxxx    |
 xxxxxx                        xxxxxxxxx                     xxxxxxxxxxxxxxx    |
 xxxxxx                        xxxxxxxxx                     xxxxxxxxxxxxxxx    |
 xxxxxx                        xxxxxxxxx                     xxxxxxxxxxxxxxx    |
                                                                            xxx |
                                                                            xxx |
                                                                            xxx |
--------------------------------------------------------------------------------

D_rownnz              75 75 75 75 75 75 18 18 18 18 18 18 18 18 18 18 18 18 18 18 18 18 18 18 18 18 18 18 18 18 51 51 51 51 51 51 51 51 51 21 21 21 21 21 21 30 30 30 30 30 30 30 30 30 30 30 30 30 30 30 30 30 30 30 30 30 30 30 30 30 30 30 30 30 30 3 3 3

D_rowadr              0 75 150 225 300 375 450 468 486 504 522 540 558 576 594 612 630 648 666 684 702 720 738 756 774 792 810 828 846 864 882 933 984 1035 1086 1137 1188 1239 1290 1341 1362 1383 1404 1425 1446 1467 1497 1527 1557 1587 1617 1647 1677 1707 1737 1767 1797 1827 1857 1887 1917 1947 1977 2007 2037 2067 2097 2127 2157 2187 2217 2247 2277 2307 2337 2367 2370 2373

D_colind              0 1 2 3 4 5 6 7 8 9 10 11 12 13 14 15 16 17 18 19 20 21 22 23 24 25 26 27 28 29 30 31 32 33 34 35 36 37 38 39 40 41 42 43 44 45 46 47 48 49 50 51 52 53 54 55 56 57 58 59 60 61 62 63 64 65 66 67 68 69 70 71 72 73 74 0 1 2 3 4 5 6 7 8 9 10 11 12 13 14 15 16 17 18 19 20 21 22 23 24 25 26 27 28 29 30 31 32 33 34 35 36 37 38 39 40 41 42 43 44 45 46 47 48 49 50 51 52 53 54 55 56 57 58 59 60 61 62 63 64 65 66 67 68 69 70 71 72 73 74 0 1 2 3 4 5 6 7 8 9 10 11 12 13 14 15 16 17 18 19 20 21 22 23 24 25 26 27 28 29 30 31 32 33 34 35 36 37 38 39 40 41 42 43 44 45 46 47 48 49 50 51 52 53 54 55 56 57 58 59 60 61 62 63 64 65 66 67 68 69 70 71 72 73 74 0 1 2 3 4 5 6 7 8 9 10 11 12 13 14 15 16 17 18 19 20 21 22 23 24 25 26 27 28 29 30 31 32 33 34 35 36 37 38 39 40 41 42 43 44 45 46 47 48 49 50 51 52 53 54 55 56 57 58 59 60 61 62 63 64 65 66 67 68 69 70 71 72 73 74 0 1 2 3 4 5 6 7 8 9 10 11 12 13 14 15 16 17 18 19 20 21 22 23 24 25 26 27 28 29 30 31 32 33 34 35 36 37 38 39 40 41 42 43 44 45 46 47 48 49 50 51 52 53 54 55 56 57 58 59 60 61 62 63 64 65 66 67 68 69 70 71 72 73 74 0 1 2 3 4 5 6 7 8 9 10 11 12 13 14 15 16 17 18 19 20 21 22 23 24 25 26 27 28 29 30 31 32 33 34 35 36 37 38 39 40 41 42 43 44 45 46 47 48 49 50 51 52 53 54 55 56 57 58 59 60 61 62 63 64 65 66 67 68 69 70 71 72 73 74 0 1 2 3 4 5 6 7 8 9 10 11 12 13 14 15 16 17 0 1 2 3 4 5 6 7 8 9 10 11 12 13 14 15 16 17 0 1 2 3 4 5 6 7 8 9 10 11 12 13 14 15 16 17 0 1 2 3 4 5 6 7 8 9 10 11 12 13 14 15 16 17 0 1 2 3 4 5 6 7 8 9 10 11 12 13 14 15 16 17 0 1 2 3 4 5 6 7 8 9 10 11 12 13 14 15 16 17 0 1 2 3 4 5 6 7 8 9 10 11 12 13 14 15 16 17 0 1 2 3 4 5 6 7 8 9 10 11 12 13 14 15 16 17 0 1 2 3 4 5 6 7 8 9 10 11 12 13 14 15 16 17 0 1 2 3 4 5 6 7 8 9 10 11 12 13 14 15 16 17 0 1 2 3 4 5 6 7 8 9 10 11 12 13 14 15 16 17 0 1 2 3 4 5 6 7 8 9 10 11 12 13 14 15 16 17 0 1 2 3 4 5 18 19 20 21 22 23 24 25 26 27 28 29 0 1 2 3 4 5 18 19 20 21 22 23 24 25 26 27 28 29 0 1 2 3 4 5 18 19 20 21 22 23 24 25 26 27 28 29 0 1 2 3 4 5 18 19 20 21 22 23 24 25 26 27 28 29 0 1 2 3 4 5 18 19 20 21 22 23 24 25 26 27 28 29 0 1 2 3 4 5 18 19 20 21 22 23 24 25 26 27 28 29 0 1 2 3 4 5 18 19 20 21 22 23 24 25 26 27 28 29 0 1 2 3 4 5 18 19 20 21 22 23 24 25 26 27 28 29 0 1 2 3 4 5 18 19 20 21 22 23 24 25 26 27 28 29 0 1 2 3 4 5 18 19 20 21 22 23 24 25 26 27 28 29 0 1 2 3 4 5 18 19 20 21 22 23 24 25 26 27 28 29 0 1 2 3 4 5 18 19 20 21 22 23 24 25 26 27 28 29 0 1 2 3 4 5 30 31 32 33 34 35 36 37 38 39 40 41 42 43 44 45 46 47 48 49 50 51 52 53 54 55 56 57 58 59 60 61 62 63 64 65 66 67 68 69 70 71 72 73 74 0 1 2 3 4 5 30 31 32 33 34 35 36 37 38 39 40 41 42 43 44 45 46 47 48 49 50 51 52 53 54 55 56 57 58 59 60 61 62 63 64 65 66 67 68 69 70 71 72 73 74 0 1 2 3 4 5 30 31 32 33 34 35 36 37 38 39 40 41 42 43 44 45 46 47 48 49 50 51 52 53 54 55 56 57 58 59 60 61 62 63 64 65 66 67 68 69 70 71 72 73 74 0 1 2 3 4 5 30 31 32 33 34 35 36 37 38 39 40 41 42 43 44 45 46 47 48 49 50 51 52 53 54 55 56 57 58 59 60 61 62 63 64 65 66 67 68 69 70 71 72 73 74 0 1 2 3 4 5 30 31 32 33 34 35 36 37 38 39 40 41 42 43 44 45 46 47 48 49 50 51 52 53 54 55 56 57 58 59 60 61 62 63 64 65 66 67 68 69 70 71 72 73 74 0 1 2 3 4 5 30 31 32 33 34 35 36 37 38 39 40 41 42 43 44 45 46 47 48 49 50 51 52 53 54 55 56 57 58 59 60 61 62 63 64 65 66 67 68 69 70 71 72 73 74 0 1 2 3 4 5 30 31 32 33 34 35 36 37 38 39 40 41 42 43 44 45 46 47 48 49 50 51 52 53 54 55 56 57 58 59 60 61 62 63 64 65 66 67 68 69 70 71 72 73 74 0 1 2 3 4 5 30 31 32 33 34 35 36 37 38 39 40 41 42 43 44 45 46 47 48 49 50 51 52 53 54 55 56 57 58 59 60 61 62 63 64 65 66 67 68 69 70 71 72 73 74 0 1 2 3 4 5 30 31 32 33 34 35 36 37 38 39 40 41 42 43 44 45 46 47 48 49 50 51 52 53 54 55 56 57 58 59 60 61 62 63 64 65 66 67 68 69 70 71 72 73 74 0 1 2 3 4 5 30 31 32 33 34 35 36 37 38 39 40 41 42 43 44 0 1 2 3 4 5 30 31 32 33 34 35 36 37 38 39 40 41 42 43 44 0 1 2 3 4 5 30 31 32 33 34 35 36 37 38 39 40 41 42 43 44 0 1 2 3 4 5 30 31 32 33 34 35 36 37 38 39 40 41 42 43 44 0 1 2 3 4 5 30 31 32 33 34 35 36 37 38 39 40 41 42 43 44 0 1 2 3 4 5 30 31 32 33 34 35 36 37 38 39 40 41 42 43 44 0 1 2 3 4 5 30 31 32 33 34 35 36 37 38 45 46 47 48 49 50 51 52 53 54 55 56 57 58 59 0 1 2 3 4 5 30 31 32 33 34 35 36 37 38 45 46 47 48 49 50 51 52 53 54 55 56 57 58 59 0 1 2 3 4 5 30 31 32 33 34 35 36 37 38 45 46 47 48 49 50 51 52 53 54 55 56 57 58 59 0 1 2 3 4 5 30 31 32 33 34 35 36 37 38 45 46 47 48 49 50 51 52 53 54 55 56 57 58 59 0 1 2 3 4 5 30 31 32 33 34 35 36 37 38 45 46 47 48 49 50 51 52 53 54 55 56 57 58 59 0 1 2 3 4 5 30 31 32 33 34 35 36 37 38 45 46 47 48 49 50 51 52 53 54 55 56 57 58 59 0 1 2 3 4 5 30 31 32 33 34 35 36 37 38 45 46 47 48 49 50 51 52 53 54 55 56 57 58 59 0 1 2 3 4 5 30 31 32 33 34 35 36 37 38 45 46 47 48 49 50 51 52 53 54 55 56 57 58 59 0 1 2 3 4 5 30 31 32 33 34 35 36 37 38 45 46 47 48 49 50 51 52 53 54 55 56 57 58 59 0 1 2 3 4 5 30 31 32 33 34 35 36 37 38 45 46 47 48 49 50 51 52 53 54 55 56 57 58 59 0 1 2 3 4 5 30 31 32 33 34 35 36 37 38 45 46 47 48 49 50 51 52 53 54 55 56 57 58 59 0 1 2 3 4 5 30 31 32 33 34 35 36 37 38 45 46 47 48 49 50 51 52 53 54 55 56 57 58 59 0 1 2 3 4 5 30 31 32 33 34 35 36 37 38 45 46 47 48 49 50 51 52 53 54 55 56 57 58 59 0 1 2 3 4 5 30 31 32 33 34 35 36 37 38 45 46 47 48 49 50 51 52 53 54 55 56 57 58 59 0 1 2 3 4 5 30 31 32 33 34 35 36 37 38 45 46 47 48 49 50 51 52 53 54 55 56 57 58 59 0 1 2 3 4 5 30 31 32 33 34 35 36 37 38 60 61 62 63 64 65 66 67 68 69 70 71 72 73 74 0 1 2 3 4 5 30 31 32 33 34 35 36 37 38 60 61 62 63 64 65 66 67 68 69 70 71 72 73 74 0 1 2 3 4 5 30 31 32 33 34 35 36 37 38 60 61 62 63 64 65 66 67 68 69 70 71 72 73 74 0 1 2 3 4 5 30 31 32 33 34 35 36 37 38 60 61 62 63 64 65 66 67 68 69 70 71 72 73 74 0 1 2 3 4 5 30 31 32 33 34 35 36 37 38 60 61 62 63 64 65 66 67 68 69 70 71 72 73 74 0 1 2 3 4 5 30 31 32 33 34 35 36 37 38 60 61 62 63 64 65 66 67 68 69 70 71 72 73 74 0 1 2 3 4 5 30 31 32 33 34 35 36 37 38 60 61 62 63 64 65 66 67 68 69 70 71 72 73 74 0 1 2 3 4 5 30 31 32 33 34 35 36 37 38 60 61 62 63 64 65 66 67 68 69 70 71 72 73 74 0 1 2 3 4 5 30 31 32 33 34 35 36 37 38 60 61 62 63 64 65 66 67 68 69 70 71 72 73 74 0 1 2 3 4 5 30 31 32 33 34 35 36 37 38 60 61 62 63 64 65 66 67 68 69 70 71 72 73 74 0 1 2 3 4 5 30 31 32 33 34 35 36 37 38 60 61 62 63 64 65 66 67 68 69 70 71 72 73 74 0 1 2 3 4 5 30 31 32 33 34 35 36 37 38 60 61 62 63 64 65 66 67 68 69 70 71 72 73 74 0 1 2 3 4 5 30 31 32 33 34 35 36 37 38 60 61 62 63 64 65 66 67 68 69 70 71 72 73 74 0 1 2 3 4 5 30 31 32 33 34 35 36 37 38 60 61 62 63 64 65 66 67 68 69 70 71 72 73 74 0 1 2 3 4 5 30 31 32 33 34 35 36 37 38 60 61 62 63 64 65 66 67 68 69 70 71 72 73 74 75 76 77 75 76 77 75 76 77

mapM2D                0 2 5 9 14 20 27 35 44 54 65 77 90 104 119 135 152 170 177 185 194 204 215 227 240 254 269 285 302 320 327 335 344 354 365 377 390 404 419 435 452 470 489 509 530 546 563 581 600 620 641 663 686 710 735 761 788 816 845 875 891 908 926 945 965 986 1008 1031 1055 1080 1106 1133 1161 1190 1220 2 1 4 8 13 19 26 34 43 53 64 76 89 103 118 134 151 169 176 184 193 203 214 226 239 253 268 284 301 319 326 334 343 353 364 376 389 403 418 434 451 469 488 508 529 545 562 580 599 619 640 662 685 709 734 760 787 815 844 874 890 907 925 944 964 985 1007 1030 1054 1079 1105 1132 1160 1189 1219 5 4 3 7 12 18 25 33 42 52 63 75 88 102 117 133 150 168 175 183 192 202 213 225 238 252 267 283 300 318 325 333 342 352 363 375 388 402 417 433 450 468 487 507 528 544 561 579 598 618 639 661 684 708 733 759 786 814 843 873 889 906 924 943 963 984 1006 1029 1053 1078 1104 1131 1159 1188 1218 9 8 7 6 11 17 24 32 41 51 62 74 87 101 116 132 149 167 174 182 191 201 212 224 237 251 266 282 299 317 324 332 341 351 362 374 387 401 416 432 449 467 486 506 527 543 560 578 597 617 638 660 683 707 732 758 785 813 842 872 888 905 923 942 962 983 1005 1028 1052 1077 1103 1130 1158 1187 1217 14 13 12 11 10 16 23 31 40 50 61 73 86 100 115 131 148 166 173 181 190 200 211 223 236 250 265 281 298 316 323 331 340 350 361 373 386 400 415 431 448 466 485 505 526 542 559 577 596 616 637 659 682 706 731 757 784 812 841 871 887 904 922 941 961 982 1004 1027 1051 1076 1102 1129 1157 1186 1216 20 19 18 17 16 15 22 30 39 49 60 72 85 99 114 130 147 165 172 180 189 199 210 222 235 249 264 280 297 315 322 330 339 349 360 372 385 399 414 430 447 465 484 504 525 541 558 576 595 615 636 658 681 705 730 756 783 811 840 870 886 903 921 940 960 981 1003 1026 1050 1075 1101 1128 1156 1185 1215 27 26 25 24 23 22 21 29 38 48 59 71 84 98 113 129 146 164 35 34 33 32 31 30 29 28 37 47 58 70 83 97 112 128 145 163 44 43 42 41 40 39 38 37 36 46 57 69 82 96 111 127 144 162 54 53 52 51 50 49 48 47 46 45 56 68 81 95 110 126 143 161 65 64 63 62 61 60 59 58 57 56 55 67 80 94 109 125 142 160 77 76 75 74 73 72 71 70 69 68 67 66 79 93 108 124 141 159 90 89 88 87 86 85 84 83 82 81 80 79 78 92 107 123 140 158 104 103 102 101 100 99 98 97 96 95 94 93 92 91 106 122 139 157 119 118 117 116 115 114 113 112 111 110 109 108 107 106 105 121 138 156 135 134 133 132 131 130 129 128 127 126 125 124 123 122 121 120 137 155 152 151 150 149 148 147 146 145 144 143 142 141 140 139 138 137 136 154 170 169 168 167 166 165 164 163 162 161 160 159 158 157 156 155 154 153 177 176 175 174 173 172 171 179 188 198 209 221 234 248 263 279 296 314 185 184 183 182 181 180 179 178 187 197 208 220 233 247 262 278 295 313 194 193 192 191 190 189 188 187 186 196 207 219 232 246 261 277 294 312 204 203 202 201 200 199 198 197 196 195 206 218 231 245 260 276 293 311 215 214 213 212 211 210 209 208 207 206 205 217 230 244 259 275 292 310 227 226 225 224 223 222 221 220 219 218 217 216 229 243 258 274 291 309 240 239 238 237 236 235 234 233 232 231 230 229 228 242 257 273 290 308 254 253 252 251 250 249 248 247 246 245 244 243 242 241 256 272 289 307 269 268 267 266 265 264 263 262 261 260 259 258 257 256 255 271 288 306 285 284 283 282 281 280 279 278 277 276 275 274 273 272 271 270 287 305 302 301 300 299 298 297 296 295 294 293 292 291 290 289 288 287 286 304 320 319 318 317 316 315 314 313 312 311 310 309 308 307 306 305 304 303 327 326 325 324 323 322 321 329 338 348 359 371 384 398 413 429 446 464 483 503 524 540 557 575 594 614 635 657 680 704 729 755 782 810 839 869 885 902 920 939 959 980 1002 1025 1049 1074 1100 1127 1155 1184 1214 335 334 333 332 331 330 329 328 337 347 358 370 383 397 412 428 445 463 482 502 523 539 556 574 593 613 634 656 679 703 728 754 781 809 838 868 884 901 919 938 958 979 1001 1024 1048 1073 1099 1126 1154 1183 1213 344 343 342 341 340 339 338 337 336 346 357 369 382 396 411 427 444 462 481 501 522 538 555 573 592 612 633 655 678 702 727 753 780 808 837 867 883 900 918 937 957 978 1000 1023 1047 1072 1098 1125 1153 1182 1212 354 353 352 351 350 349 348 347 346 345 356 368 381 395 410 426 443 461 480 500 521 537 554 572 591 611 632 654 677 701 726 752 779 807 836 866 882 899 917 936 956 977 999 1022 1046 1071 1097 1124 1152 1181 1211 365 364 363 362 361 360 359 358 357 356 355 367 380 394 409 425 442 460 479 499 520 536 553 571 590 610 631 653 676 700 725 751 778 806 835 865 881 898 916 935 955 976 998 1021 1045 1070 1096 1123 1151 1180 1210 377 376 375 374 373 372 371 370 369 368 367 366 379 393 408 424 441 459 478 498 519 535 552 570 589 609 630 652 675 699 724 750 777 805 834 864 880 897 915 934 954 975 997 1020 1044 1069 1095 1122 1150 1179 1209 390 389 388 387 386 385 384 383 382 381 380 379 378 392 407 423 440 458 477 497 518 534 551 569 588 608 629 651 674 698 723 749 776 804 833 863 879 896 914 933 953 974 996 1019 1043 1068 1094 1121 1149 1178 1208 404 403 402 401 400 399 398 397 396 395 394 393 392 391 406 422 439 457 476 496 517 533 550 568 587 607 628 650 673 697 722 748 775 803 832 862 878 895 913 932 952 973 995 1018 1042 1067 1093 1120 1148 1177 1207 419 418 417 416 415 414 413 412 411 410 409 408 407 406 405 421 438 456 475 495 516 532 549 567 586 606 627 649 672 696 721 747 774 802 831 861 877 894 912 931 951 972 994 1017 1041 1066 1092 1119 1147 1176 1206 435 434 433 432 431 430 429 428 427 426 425 424 423 422 421 420 437 455 474 494 515 452 451 450 449 448 447 446 445 444 443 442 441 440 439 438 437 436 454 473 493 514 470 469 468 467 466 465 464 463 462 461 460 459 458 457 456 455 454 453 472 492 513 489 488 487 486 485 484 483 482 481 480 479 478 477 476 475 474 473 472 471 491 512 509 508 507 506 505 504 503 502 501 500 499 498 497 496 495 494 493 492 491 490 511 530 529 528 527 526 525 524 523 522 521 520 519 518 517 516 515 514 513 512 511 510 546 545 544 543 542 541 540 539 538 537 536 535 534 533 532 531 548 566 585 605 626 648 671 695 720 746 773 801 830 860 563 562 561 560 559 558 557 556 555 554 553 552 551 550 549 548 547 565 584 604 625 647 670 694 719 745 772 800 829 859 581 580 579 578 577 576 575 574 573 572 571 570 569 568 567 566 565 564 583 603 624 646 669 693 718 744 771 799 828 858 600 599 598 597 596 595 594 593 592 591 590 589 588 587 586 585 584 583 582 602 623 645 668 692 717 743 770 798 827 857 620 619 618 617 616 615 614 613 612 611 610 609 608 607 606 605 604 603 602 601 622 644 667 691 716 742 769 797 826 856 641 640 639 638 637 636 635 634 633 632 631 630 629 628 627 626 625 624 623 622 621 643 666 690 715 741 768 796 825 855 663 662 661 660 659 658 657 656 655 654 653 652 651 650 649 648 647 646 645 644 643 642 665 689 714 740 767 795 824 854 686 685 684 683 682 681 680 679 678 677 676 675 674 673 672 671 670 669 668 667 666 665 664 688 713 739 766 794 823 853 710 709 708 707 706 705 704 703 702 701 700 699 698 697 696 695 694 693 692 691 690 689 688 687 712 738 765 793 822 852 735 734 733 732 731 730 729 728 727 726 725 724 723 722 721 720 719 718 717 716 715 714 713 712 711 737 764 792 821 851 761 760 759 758 757 756 755 754 753 752 751 750 749 748 747 746 745 744 743 742 741 740 739 738 737 736 763 791 820 850 788 787 786 785 784 783 782 781 780 779 778 777 776 775 774 773 772 771 770 769 768 767 766 765 764 763 762 790 819 849 816 815 814 813 812 811 810 809 808 807 806 805 804 803 802 801 800 799 798 797 796 795 794 793 792 791 790 789 818 848 845 844 843 842 841 840 839 838 837 836 835 834 833 832 831 830 829 828 827 826 825 824 823 822 821 820 819 818 817 847 875 874 873 872 871 870 869 868 867 866 865 864 863 862 861 860 859 858 857 856 855 854 853 852 851 850 849 848 847 846 891 890 889 888 887 886 885 884 883 882 881 880 879 878 877 876 893 911 930 950 971 993 1016 1040 1065 1091 1118 1146 1175 1205 908 907 906 905 904 903 902 901 900 899 898 897 896 895 894 893 892 910 929 949 970 992 1015 1039 1064 1090 1117 1145 1174 1204 926 925 924 923 922 921 920 919 918 917 916 915 914 913 912 911 910 909 928 948 969 991 1014 1038 1063 1089 1116 1144 1173 1203 945 944 943 942 941 940 939 938 937 936 935 934 933 932 931 930 929 928 927 947 968 990 1013 1037 1062 1088 1115 1143 1172 1202 965 964 963 962 961 960 959 958 957 956 955 954 953 952 951 950 949 948 947 946 967 989 1012 1036 1061 1087 1114 1142 1171 1201 986 985 984 983 982 981 980 979 978 977 976 975 974 973 972 971 970 969 968 967 966 988 1011 1035 1060 1086 1113 1141 1170 1200 1008 1007 1006 1005 1004 1003 1002 1001 1000 999 998 997 996 995 994 993 992 991 990 989 988 987 1010 1034 1059 1085 1112 1140 1169 1199 1031 1030 1029 1028 1027 1026 1025 1024 1023 1022 1021 1020 1019 1018 1017 1016 1015 1014 1013 1012 1011 1010 1009 1033 1058 1084 1111 1139 1168 1198 1055 1054 1053 1052 1051 1050 1049 1048 1047 1046 1045 1044 1043 1042 1041 1040 1039 1038 1037 1036 1035 1034 1033 1032 1057 1083 1110 1138 1167 1197 1080 1079 1078 1077 1076 1075 1074 1073 1072 1071 1070 1069 1068 1067 1066 1065 1064 1063 1062 1061 1060 1059 1058 1057 1056 1082 1109 1137 1166 1196 1106 1105 1104 1103 1102 1101 1100 1099 1098 1097 1096 1095 1094 1093 1092 1091 1090 1089 1088 1087 1086 1085 1084 1083 1082 1081 1108 1136 1165 1195 1133 1132 1131 1130 1129 1128 1127 1126 1125 1124 1123 1122 1121 1120 1119 1118 1117 1116 1115 1114 1113 1112 1111 1110 1109 1108 1107 1135 1164 1194 1161 1160 1159 1158 1157 1156 1155 1154 1153 1152 1151 1150 1149 1148 1147 1146 1145 1144 1143 1142 1141 1140 1139 1138 1137 1136 1135 1134 1163 1193 1190 1189 1188 1187 1186 1185 1184 1183 1182 1181 1180 1179 1178 1177 1176 1175 1174 1173 1172 1171 1170 1169 1168 1167 1166 1165 1164 1163 1162 1192 1220 1219 1218 1217 1216 1215 1214 1213 1212 1211 1210 1209 1208 1207 1206 1205 1204 1203 1202 1201 1200 1199 1198 1197 1196 1195 1194 1193 1192 1191 1221 1223 1226 1223 1222 1225 1226 1225 1224

mapD2M                0 76 75 152 151 150 228 227 226 225 304 303 302 301 300 380 379 378 377 376 375 456 455 454 453 452 451 450 475 474 473 472 471 470 469 468 494 493 492 491 490 489 488 487 486 513 512 511 510 509 508 507 506 505 504 532 531 530 529 528 527 526 525 524 523 522 551 550 549 548 547 546 545 544 543 542 541 540 570 569 568 567 566 565 564 563 562 561 560 559 558 589 588 587 586 585 584 583 582 581 580 579 578 577 576 608 607 606 605 604 603 602 601 600 599 598 597 596 595 594 627 626 625 624 623 622 621 620 619 618 617 616 615 614 613 612 646 645 644 643 642 641 640 639 638 637 636 635 634 633 632 631 630 665 664 663 662 661 660 659 658 657 656 655 654 653 652 651 650 649 648 672 671 670 669 668 667 666 691 690 689 688 687 686 685 684 710 709 708 707 706 705 704 703 702 729 728 727 726 725 724 723 722 721 720 748 747 746 745 744 743 742 741 740 739 738 767 766 765 764 763 762 761 760 759 758 757 756 786 785 784 783 782 781 780 779 778 777 776 775 774 805 804 803 802 801 800 799 798 797 796 795 794 793 792 824 823 822 821 820 819 818 817 816 815 814 813 812 811 810 843 842 841 840 839 838 837 836 835 834 833 832 831 830 829 828 862 861 860 859 858 857 856 855 854 853 852 851 850 849 848 847 846 881 880 879 878 877 876 875 874 873 872 871 870 869 868 867 866 865 864 888 887 886 885 884 883 882 940 939 938 937 936 935 934 933 992 991 990 989 988 987 986 985 984 1044 1043 1042 1041 1040 1039 1038 1037 1036 1035 1096 1095 1094 1093 1092 1091 1090 1089 1088 1087 1086 1148 1147 1146 1145 1144 1143 1142 1141 1140 1139 1138 1137 1200 1199 1198 1197 1196 1195 1194 1193 1192 1191 1190 1189 1188 1252 1251 1250 1249 1248 1247 1246 1245 1244 1243 1242 1241 1240 1239 1304 1303 1302 1301 1300 1299 1298 1297 1296 1295 1294 1293 1292 1291 1290 1356 1355 1354 1353 1352 1351 1350 1349 1348 1347 1346 1345 1344 1343 1342 1341 1378 1377 1376 1375 1374 1373 1372 1371 1370 1369 1368 1367 1366 1365 1364 1363 1362 1400 1399 1398 1397 1396 1395 1394 1393 1392 1391 1390 1389 1388 1387 1386 1385 1384 1383 1422 1421 1420 1419 1418 1417 1416 1415 1414 1413 1412 1411 1410 1409 1408 1407 1406 1405 1404 1444 1443 1442 1441 1440 1439 1438 1437 1436 1435 1434 1433 1432 1431 1430 1429 1428 1427 1426 1425 1466 1465 1464 1463 1462 1461 1460 1459 1458 1457 1456 1455 1454 1453 1452 1451 1450 1449 1448 1447 1446 1482 1481 1480 1479 1478 1477 1476 1475 1474 1473 1472 1471 1470 1469 1468 1467 1513 1512 1511 1510 1509 1508 1507 1506 1505 1504 1503 1502 1501 1500 1499 1498 1497 1544 1543 1542 1541 1540 1539 1538 1537 1536 1535 1534 1533 1532 1531 1530 1529 1528 1527 1575 1574 1573 1572 1571 1570 1569 1568 1567 1566 1565 1564 1563 1562 1561 1560 1559 1558 1557 1606 1605 1604 1603 1602 1601 1600 1599 1598 1597 1596 1595 1594 1593 1592 1591 1590 1589 1588 1587 1637 1636 1635 1634 1633 1632 1631 1630 1629 1628 1627 1626 1625 1624 1623 1622 1621 1620 1619 1618 1617 1668 1667 1666 1665 1664 1663 1662 1661 1660 1659 1658 1657 1656 1655 1654 1653 1652 1651 1650 1649 1648 1647 1699 1698 1697 1696 1695 1694 1693 1692 1691 1690 1689 1688 1687 1686 1685 1684 1683 1682 1681 1680 1679 1678 1677 1730 1729 1728 1727 1726 1725 1724 1723 1722 1721 1720 1719 1718 1717 1716 1715 1714 1713 1712 1711 1710 1709 1708 1707 1761 1760 1759 1758 1757 1756 1755 1754 1753 1752 1751 1750 1749 1748 1747 1746 1745 1744 1743 1742 1741 1740 1739 1738 1737 1792 1791 1790 1789 1788 1787 1786 1785 1784 1783 1782 1781 1780 1779 1778 1777 1776 1775 1774 1773 1772 1771 1770 1769 1768 1767 1823 1822 1821 1820 1819 1818 1817 1816 1815 1814 1813 1812 1811 1810 1809 1808 1807 1806 1805 1804 1803 1802 1801 1800 1799 1798 1797 1854 1853 1852 1851 1850 1849 1848 1847 1846 1845 1844 1843 1842 1841 1840 1839 1838 1837 1836 1835 1834 1833 1832 1831 1830 1829 1828 1827 1885 1884 1883 1882 1881 1880 1879 1878 1877 1876 1875 1874 1873 1872 1871 1870 1869 1868 1867 1866 1865 1864 1863 1862 1861 1860 1859 1858 1857 1916 1915 1914 1913 1912 1911 1910 1909 1908 1907 1906 1905 1904 1903 1902 1901 1900 1899 1898 1897 1896 1895 1894 1893 1892 1891 1890 1889 1888 1887 1932 1931 1930 1929 1928 1927 1926 1925 1924 1923 1922 1921 1920 1919 1918 1917 1963 1962 1961 1960 1959 1958 1957 1956 1955 1954 1953 1952 1951 1950 1949 1948 1947 1994 1993 1992 1991 1990 1989 1988 1987 1986 1985 1984 1983 1982 1981 1980 1979 1978 1977 2025 2024 2023 2022 2021 2020 2019 2018 2017 2016 2015 2014 2013 2012 2011 2010 2009 2008 2007 2056 2055 2054 2053 2052 2051 2050 2049 2048 2047 2046 2045 2044 2043 2042 2041 2040 2039 2038 2037 2087 2086 2085 2084 2083 2082 2081 2080 2079 2078 2077 2076 2075 2074 2073 2072 2071 2070 2069 2068 2067 2118 2117 2116 2115 2114 2113 2112 2111 2110 2109 2108 2107 2106 2105 2104 2103 2102 2101 2100 2099 2098 2097 2149 2148 2147 2146 2145 2144 2143 2142 2141 2140 2139 2138 2137 2136 2135 2134 2133 2132 2131 2130 2129 2128 2127 2180 2179 2178 2177 2176 2175 2174 2173 2172 2171 2170 2169 2168 2167 2166 2165 2164 2163 2162 2161 2160 2159 2158 2157 2211 2210 2209 2208 2207 2206 2205 2204 2203 2202 2201 2200 2199 2198 2197 2196 2195 2194 2193 2192 2191 2190 2189 2188 2187 2242 2241 2240 2239 2238 2237 2236 2235 2234 2233 2232 2231 2230 2229 2228 2227 2226 2225 2224 2223 2222 2221 2220 2219 2218 2217 2273 2272 2271 2270 2269 2268 2267 2266 2265 2264 2263 2262 2261 2260 2259 2258 2257 2256 2255 2254 2253 2252 2251 2250 2249 2248 2247 2304 2303 2302 2301 2300 2299 2298 2297 2296 2295 2294 2293 2292 2291 2290 2289 2288 2287 2286 2285 2284 2283 2282 2281 2280 2279 2278 2277 2335 2334 2333 2332 2331 2330 2329 2328 2327 2326 2325 2324 2323 2322 2321 2320 2319 2318 2317 2316 2315 2314 2313 2312 2311 2310 2309 2308 2307 2366 2365 2364 2363 2362 2361 2360 2359 2358 2357 2356 2355 2354 2353 2352 2351 2350 2349 2348 2347 2346 2345 2344 2343 2342 2341 2340 2339 2338 2337 2367 2371 2370 2375 2374 2373

QDERIV
   0         0         0         0         0         0         0         0         0         0         0         0         0         0         0         0         0         0         0         0         0         0         0         0         0         0         0         0         0         0         0         0         0         0         0         0         0         0         0         0         0         0         0         0         0         0         0         0         0         0         0         0         0         0         0         0         0         0         0         0         0         0         0         0         0         0         0         0         0         0         0         0         0         0         0         0         0         0       
   0         0         0         0         0         0         0         0         0         0         0         0         0         0         0         0         0         0         0         0         0         0         0         0         0         0         0         0         0         0         0         0         0         0         0         0         0         0         0         0         0         0         0         0         0         0         0         0         0         0         0         0         0         0         0         0         0         0         0         0         0         0         0         0         0         0         0         0         0         0         0         0         0         0         0         0         0         0       
   0         0         0         0         0         0         0         0         0         0         0         0         0         0         0         0         0         0         0         0         0         0         0         0         0         0         0         0         0         0         0         0         0         0         0         0         0         0         0         0         0         0         0         0         0         0         0         0         0         0         0         0         0         0         0         0         0         0         0         0         0         0         0         0         0         0         0         0         0         0         0         0         0         0         0         0         0         0       
   0         0         0         0         0         0         0         0         0         0         0         0         0         0         0         0         0         0         0         0         0         0         0         0         0         0         0         0         0         0         0         0         0         0         0         0         0         0         0         0         0         0         0         0         0         0         0         0         0         0         0         0         0         0         0         0         0         0         0         0         0         0         0         0         0         0         0         0         0         0         0         0         0         0         0         0         0         0       
   0         0         0         0         0         0         0         0         0         0         0         0         0         0         0         0         0         0         0         0         0         0         0         0         0         0         0         0         0         0         0         0         0         0         0         0         0         0         0         0         0         0         0         0         0         0         0         0         0         0         0         0         0         0         0         0         0         0         0         0         0         0         0         0         0         0         0         0         0         0         0         0         0         0         0         0         0         0       
   0         0         0         0         0         0         0         0         0         0         0         0         0         0         0         0         0         0         0         0         0         0         0         0         0         0         0         0         0         0         0         0         0         0         0         0         0         0         0         0         0         0         0         0         0         0         0         0         0         0         0         0         0         0         0         0         0         0         0         0         0         0         0         0         0         0         0         0         0         0         0         0         0         0         0         0         0         0       
   0         0         0         0         0         0         0         0         0         0         0         0         0         0         0         0         0         0         0         0         0         0         0         0         0         0         0         0         0         0         0         0         0         0         0         0         0         0         0         0         0         0         0         0         0         0         0         0         0         0         0         0         0         0         0         0         0         0         0         0         0         0         0         0         0         0         0         0         0         0         0         0         0         0         0         0         0         0       
   0         0         0         0         0         0         0         0         0         0         0         0         0         0         0         0         0         0         0         0         0         0         0         0         0         0         0         0         0         0         0         0         0         0         0         0         0         0         0         0         0         0         0         0         0         0         0         0         0         0         0         0         0         0         0         0         0         0         0         0         0         0         0         0         0         0         0         0         0         0         0         0         0         0         0         0         0         0       
   0         0         0         0         0         0         0         0         0         0         0         0         0         0         0         0         0         0         0         0         0         0         0         0         0         0         0         0         0         0         0         0         0         0         0         0         0         0         0         0         0         0         0         0         0         0         0         0         0         0         0         0         0         0         0         0         0         0         0         0         0         0         0         0         0         0         0         0         0         0         0         0         0         0         0         0         0         0       
   0         0         0         0         0         0         0         0         0         0         0         0         0         0         0         0         0         0         0         0         0         0         0         0         0         0         0         0         0         0         0         0         0         0         0         0         0         0         0         0         0         0         0         0         0         0         0         0         0         0         0         0         0         0         0         0         0         0         0         0         0         0         0         0         0         0         0         0         0         0         0         0         0         0         0         0         0         0       
   0         0         0         0         0         0         0         0         0         0         0         0         0         0         0         0         0         0         0         0         0         0         0         0         0         0         0         0         0         0         0         0         0         0         0         0         0         0         0         0         0         0         0         0         0         0         0         0         0         0         0         0         0         0         0         0         0         0         0         0         0         0         0         0         0         0         0         0         0         0         0         0         0         0         0         0         0         0       
   0         0         0         0         0         0         0         0         0         0         0         0         0         0         0         0         0         0         0         0         0         0         0         0         0         0         0         0         0         0         0         0         0         0         0         0         0         0         0         0         0         0         0         0         0         0         0         0         0         0         0         0         0         0         0         0         0         0         0         0         0         0         0         0         0         0         0         0         0         0         0         0         0         0         0         0         0         0       
   0         0         0         0         0         0         0         0         0         0         0         0         0         0         0         0         0         0         0         0         0         0         0         0         0         0         0         0         0         0         0         0         0         0         0         0         0         0         0         0         0         0         0         0         0         0         0         0         0         0         0         0         0         0         0         0         0         0         0         0         0         0         0         0         0         0         0         0         0         0         0         0         0         0         0         0         0         0       
   0         0         0         0         0         0         0         0         0         0         0         0         0         0         0         0         0         0         0         0         0         0         0         0         0         0         0         0         0         0         0         0         0         0         0         0         0         0         0         0         0         0         0         0         0         0         0         0         0         0         0         0         0         0         0         0         0         0         0         0         0         0         0         0         0         0         0         0         0         0         0         0         0         0         0         0         0         0       
   0         0         0         0         0         0         0         0         0         0         0         0         0         0         0         0         0         0         0         0         0         0         0         0         0         0         0         0         0         0         0         0         0         0         0         0         0         0         0         0         0         0         0         0         0         0         0         0         0         0         0         0         0         0         0         0         0         0         0         0         0         0         0         0         0         0         0         0         0         0         0         0         0         0         0         0         0         0       
   0         0         0         0         0         0         0         0         0         0         0         0         0         0         0         0         0         0         0         0         0         0         0         0         0         0         0         0         0         0         0         0         0         0         0         0         0         0         0         0         0         0         0         0         0         0         0         0         0         0         0         0         0         0         0         0         0         0         0         0         0         0         0         0         0         0         0         0         0         0         0         0         0         0         0         0         0         0       
   0         0         0         0         0         0         0         0         0         0         0         0         0         0         0         0         0         0         0         0         0         0         0         0         0         0         0         0         0         0         0         0         0         0         0         0         0         0         0         0         0         0         0         0         0         0         0         0         0         0         0         0         0         0         0         0         0         0         0         0         0         0         0         0         0         0         0         0         0         0         0         0         0         0         0         0         0         0       
   0         0         0         0         0         0         0         0         0         0         0         0         0         0         0         0         0         0         0         0         0         0         0         0         0         0         0         0         0         0         0         0         0         0         0         0         0         0         0         0         0         0         0         0         0         0         0         0         0         0         0         0         0         0         0         0         0         0         0         0         0         0         0         0         0         0         0         0         0         0         0         0         0         0         0         0         0         0       
   0         0         0         0         0         0         0         0         0         0         0         0         0         0         0         0         0         0         0         0         0         0         0         0         0         0         0         0         0         0         0         0         0         0         0         0         0         0         0         0         0         0         0         0         0         0         0         0         0         0         0         0         0         0         0         0         0         0         0         0         0         0         0         0         0         0         0         0         0         0         0         0         0         0         0         0         0         0       
   0         0         0         0         0         0         0         0         0         0         0         0         0         0         0         0         0         0         0         0         0         0         0         0         0         0         0         0         0         0         0         0         0         0         0         0         0         0         0         0         0         0         0         0         0         0         0         0         0         0         0         0         0         0         0         0         0         0         0         0         0         0         0         0         0         0         0         0         0         0         0         0         0         0         0         0         0         0       
   0         0         0         0         0         0         0         0         0         0         0         0         0         0         0         0         0         0         0         0         0         0         0         0         0         0         0         0         0         0         0         0         0         0         0         0         0         0         0         0         0         0         0         0         0         0         0         0         0         0         0         0         0         0         0         0         0         0         0         0         0         0         0         0         0         0         0         0         0         0         0         0         0         0         0         0         0         0       
   0         0         0         0         0         0         0         0         0         0         0         0         0         0         0         0         0         0         0         0         0         0         0         0         0         0         0         0         0         0         0         0         0         0         0         0         0         0         0         0         0         0         0         0         0         0         0         0         0         0         0         0         0         0         0         0         0         0         0         0         0         0         0         0         0         0         0         0         0         0         0         0         0         0         0         0         0         0       
   0         0         0         0         0         0         0         0         0         0         0         0         0         0         0         0         0         0         0         0         0         0         0         0         0         0         0         0         0         0         0         0         0         0         0         0         0         0         0         0         0         0         0         0         0         0         0         0         0         0         0         0         0         0         0         0         0         0         0         0         0         0         0         0         0         0         0         0         0         0         0         0         0         0         0         0         0         0       
   0         0         0         0         0         0         0         0         0         0         0         0         0         0         0         0         0         0         0         0         0         0         0         0         0         0         0         0         0         0         0         0         0         0         0         0         0         0         0         0         0         0         0         0         0         0         0         0         0         0         0         0         0         0         0         0         0         0         0         0         0         0         0         0         0         0         0         0         0         0         0         0         0         0         0         0         0         0       
   0         0         0         0         0         0         0         0         0         0         0         0         0         0         0         0         0         0         0         0         0         0         0         0         0         0         0         0         0         0         0         0         0         0         0         0         0         0         0         0         0         0         0         0         0         0         0         0         0         0         0         0         0         0         0         0         0         0         0         0         0         0         0         0         0         0         0         0         0         0         0         0         0         0         0         0         0         0       
   0         0         0         0         0         0         0         0         0         0         0         0         0         0         0         0         0         0         0         0         0         0         0         0         0         0         0         0         0         0         0         0         0         0         0         0         0         0         0         0         0         0         0         0         0         0         0         0         0         0         0         0         0         0         0         0         0         0         0         0         0         0         0         0         0         0         0         0         0         0         0         0         0         0         0         0         0         0       
   0         0         0         0         0         0         0         0         0         0         0         0         0         0         0         0         0         0         0         0         0         0         0         0         0         0         0         0         0         0         0         0         0         0         0         0         0         0         0         0         0         0         0         0         0         0         0         0         0         0         0         0         0         0         0         0         0         0         0         0         0         0         0         0         0         0         0         0         0         0         0         0         0         0         0         0         0         0       
   0         0         0         0         0         0         0         0         0         0         0         0         0         0         0         0         0         0         0         0         0         0         0         0         0         0         0         0         0         0         0         0         0         0         0         0         0         0         0         0         0         0         0         0         0         0         0         0         0         0         0         0         0         0         0         0         0         0         0         0         0         0         0         0         0         0         0         0         0         0         0         0         0         0         0         0         0         0       
   0         0         0         0         0         0         0         0         0         0         0         0         0         0         0         0         0         0         0         0         0         0         0         0         0         0         0         0         0         0         0         0         0         0         0         0         0         0         0         0         0         0         0         0         0         0         0         0         0         0         0         0         0         0         0         0         0         0         0         0         0         0         0         0         0         0         0         0         0         0         0         0         0         0         0         0         0         0       
   0         0         0         0         0         0         0         0         0         0         0         0         0         0         0         0         0         0         0         0         0         0         0         0         0         0         0         0         0         0         0         0         0         0         0         0         0         0         0         0         0         0         0         0         0         0         0         0         0         0         0         0         0         0         0         0         0         0         0         0         0         0         0         0         0         0         0         0         0         0         0         0         0         0         0         0         0         0       
   0         0         0         0         0         0         0         0         0         0         0         0         0         0         0         0         0         0         0         0         0         0         0         0         0         0         0         0         0         0         0         0         0         0         0         0         0         0         0         0         0         0         0         0         0         0         0         0         0         0         0         0         0         0         0         0         0         0         0         0         0         0         0         0         0         0         0         0         0         0         0         0         0         0         0         0         0         0       
   0         0         0         0         0         0         0         0         0         0         0         0         0         0         0         0         0         0         0         0         0         0         0         0         0         0         0         0         0         0         0         0         0         0         0         0         0         0         0         0         0         0         0         0         0         0         0         0         0         0         0         0         0         0         0         0         0         0         0         0         0         0         0         0         0         0         0         0         0         0         0         0         0         0         0         0         0         0       
   0         0         0         0         0         0         0         0         0         0         0         0         0         0         0         0         0         0         0         0         0         0         0         0         0         0         0         0         0         0         0         0         0         0         0         0         0         0         0         0         0         0         0         0         0         0         0         0         0         0         0         0         0         0         0         0         0         0         0         0         0         0         0         0         0         0         0         0         0         0         0         0         0         0         0         0         0         0       
   0         0         0         0         0         0         0         0         0         0         0         0         0         0         0         0         0         0         0         0         0         0         0         0         0         0         0         0         0         0         0         0         0         0         0         0         0         0         0         0         0         0         0         0         0         0         0         0         0         0         0         0         0         0         0         0         0         0         0         0         0         0         0         0         0         0         0         0         0         0         0         0         0         0         0         0         0         0       
   0         0         0         0         0         0         0         0         0         0         0         0         0         0         0         0         0         0         0         0         0         0         0         0         0         0         0         0         0         0         0         0         0         0         0         0         0         0         0         0         0         0         0         0         0         0         0         0         0         0         0         0         0         0         0         0         0         0         0         0         0         0         0         0         0         0         0         0         0         0         0         0         0         0         0         0         0         0       
   0         0         0         0         0         0         0         0         0         0         0         0         0         0         0         0         0         0         0         0         0         0         0         0         0         0         0         0         0         0         0         0         0         0         0         0         0         0         0         0         0         0         0         0         0         0         0         0         0         0         0         0         0         0         0         0         0         0         0         0         0         0         0         0         0         0         0         0         0         0         0         0         0         0         0         0         0         0       
   0         0         0         0         0         0         0         0         0         0         0         0         0         0         0         0         0         0         0         0         0         0         0         0         0         0         0         0         0         0         0         0         0         0         0         0         0         0         0         0         0         0         0         0         0         0         0         0         0         0         0         0         0         0         0         0         0         0         0         0         0         0         0         0         0         0         0         0         0         0         0         0         0         0         0         0         0         0       
   0         0         0         0         0         0         0         0         0         0         0         0         0         0         0         0         0         0         0         0         0         0         0         0         0         0         0         0         0         0         0         0         0         0         0         0         0         0         0         0         0         0         0         0         0         0         0         0         0         0         0         0         0         0         0         0         0         0         0         0         0         0         0         0         0         0         0         0         0         0         0         0         0         0         0         0         0         0       
   0         0         0         0         0         0         0         0         0         0         0         0         0         0         0         0         0         0         0         0         0         0         0         0         0         0         0         0         0         0         0         0         0         0         0         0         0         0         0         0         0         0         0         0         0         0         0         0         0         0         0         0         0         0         0         0         0         0         0         0         0         0         0         0         0         0         0         0         0         0         0         0         0         0         0         0         0         0       
   0         0         0         0         0         0         0         0         0         0         0         0         0         0         0         0         0         0         0         0         0         0         0         0         0         0         0         0         0         0         0         0         0         0         0         0         0         0         0         0         0         0         0         0         0         0         0         0         0         0         0         0         0         0         0         0         0         0         0         0         0         0         0         0         0         0         0         0         0         0         0         0         0         0         0         0         0         0       
   0         0         0         0         0         0         0         0         0         0         0         0         0         0         0         0         0         0         0         0         0         0         0         0         0         0         0         0         0         0         0         0         0         0         0         0         0         0         0         0         0         0         0         0         0         0         0         0         0         0         0         0         0         0         0         0         0         0         0         0         0         0         0         0         0         0         0         0         0         0         0         0         0         0         0         0         0         0       
   0         0         0         0         0         0         0         0         0         0         0         0         0         0         0         0         0         0         0         0         0         0         0         0         0         0         0         0         0         0         0         0         0         0         0         0         0         0         0         0         0         0         0         0         0         0         0         0         0         0         0         0         0         0         0         0         0         0         0         0         0         0         0         0         0         0         0         0         0         0         0         0         0         0         0         0         0         0       
   0         0         0         0         0         0         0         0         0         0         0         0         0         0         0         0         0         0         0         0         0         0         0         0         0         0         0         0         0         0         0         0         0         0         0         0         0         0         0         0         0         0         0         0         0         0         0         0         0         0         0         0         0         0         0         0         0         0         0         0         0         0         0         0         0         0         0         0         0         0         0         0         0         0         0         0         0         0       
   0         0         0         0         0         0         0         0         0         0         0         0         0         0         0         0         0         0         0         0         0         0         0         0         0         0         0         0         0         0         0         0         0         0         0         0         0         0         0         0         0         0         0         0         0         0         0         0         0         0         0         0         0         0         0         0         0         0         0         0         0         0         0         0         0         0         0         0         0         0         0         0         0         0         0         0         0         0       
   0         0         0         0         0         0         0         0         0         0         0         0         0         0         0         0         0         0         0         0         0         0         0         0         0         0         0         0         0         0         0         0         0         0         0         0         0         0         0         0         0         0         0         0         0         0         0         0         0         0         0         0         0         0         0         0         0         0         0         0         0         0         0         0         0         0         0         0         0         0         0         0         0         0         0         0         0         0       
   0         0         0         0         0         0         0         0         0         0         0         0         0         0         0         0         0         0         0         0         0         0         0         0         0         0         0         0         0         0         0         0         0         0         0         0         0         0         0         0         0         0         0         0         0         0         0         0         0         0         0         0         0         0         0         0         0         0         0         0         0         0         0         0         0         0         0         0         0         0         0         0         0         0         0         0         0         0       
   0         0         0         0         0         0         0         0         0         0         0         0         0         0         0         0         0         0         0         0         0         0         0         0         0         0         0         0         0         0         0         0         0         0         0         0         0         0         0         0         0         0         0         0         0         0         0         0         0         0         0         0         0         0         0         0         0         0         0         0         0         0         0         0         0         0         0         0         0         0         0         0         0         0         0         0         0         0       
   0         0         0         0         0         0         0         0         0         0         0         0         0         0         0         0         0         0         0         0         0         0         0         0         0         0         0         0         0         0         0         0         0         0         0         0         0         0         0         0         0         0         0         0         0         0         0         0         0         0         0         0         0         0         0         0         0         0         0         0         0         0         0         0         0         0         0         0         0         0         0         0         0         0         0         0         0         0       
   0         0         0         0         0         0         0         0         0         0         0         0         0         0         0         0         0         0         0         0         0         0         0         0         0         0         0         0         0         0         0         0         0         0         0         0         0         0         0         0         0         0         0         0         0         0         0         0         0         0         0         0         0         0         0         0         0         0         0         0         0         0         0         0         0         0         0         0         0         0         0         0         0         0         0         0         0         0       
   0         0         0         0         0         0         0         0         0         0         0         0         0         0         0         0         0         0         0         0         0         0         0         0         0         0         0         0         0         0         0         0         0         0         0         0         0         0         0         0         0         0         0         0         0         0         0         0         0         0         0         0         0         0         0         0         0         0         0         0         0         0         0         0         0         0         0         0         0         0         0         0         0         0         0         0         0         0       
   0         0         0         0         0         0         0         0         0         0         0         0         0         0         0         0         0         0         0         0         0         0         0         0         0         0         0         0         0         0         0         0         0         0         0         0         0         0         0         0         0         0         0         0         0         0         0         0         0         0         0         0         0         0         0         0         0         0         0         0         0         0         0         0         0         0         0         0         0         0         0         0         0         0         0         0         0         0       
   0         0         0         0         0         0         0         0         0         0         0         0         0         0         0         0         0         0         0         0         0         0         0         0         0         0         0         0         0         0         0         0         0         0         0         0         0         0         0         0         0         0         0         0         0         0         0         0         0         0         0         0         0         0         0         0         0         0         0         0         0         0         0         0         0         0         0         0         0         0         0         0         0         0         0         0         0         0       
   0         0         0         0         0         0         0         0         0         0         0         0         0         0         0         0         0         0         0         0         0         0         0         0         0         0         0         0         0         0         0         0         0         0         0         0         0         0         0         0         0         0         0         0         0         0         0         0         0         0         0         0         0         0         0         0         0         0         0         0         0         0         0         0         0         0         0         0         0         0         0         0         0         0         0         0         0         0       
   0         0         0         0         0         0         0         0         0         0         0         0         0         0         0         0         0         0         0         0         0         0         0         0         0         0         0         0         0         0         0         0         0         0         0         0         0         0         0         0         0         0         0         0         0         0         0         0         0         0         0         0         0         0         0         0         0         0         0         0         0         0         0         0         0         0         0         0         0         0         0         0         0         0         0         0         0         0       
   0         0         0         0         0         0         0         0         0         0         0         0         0         0         0         0         0         0         0         0         0         0         0         0         0         0         0         0         0         0         0         0         0         0         0         0         0         0         0         0         0         0         0         0         0         0         0         0         0         0         0         0         0         0         0         0         0         0         0         0         0         0         0         0         0         0         0         0         0         0         0         0         0         0         0         0         0         0       
   0         0         0         0         0         0         0         0         0         0         0         0         0         0         0         0         0         0         0         0         0         0         0         0         0         0         0         0         0         0         0         0         0         0         0         0         0         0         0         0         0         0         0         0         0         0         0         0         0         0         0         0         0         0         0         0         0         0         0         0         0         0         0         0         0         0         0         0         0         0         0         0         0         0         0         0         0         0       
   0         0         0         0         0         0         0         0         0         0         0         0         0         0         0         0         0         0         0         0         0         0         0         0         0         0         0         0         0         0         0         0         0         0         0         0         0         0         0         0         0         0         0         0         0         0         0         0         0         0         0         0         0         0         0         0         0         0         0         0         0         0         0         0         0         0         0         0         0         0         0         0         0         0         0         0         0         0       
   0         0         0         0         0         0         0         0         0         0         0         0         0         0         0         0         0         0         0         0         0         0         0         0         0         0         0         0         0         0         0         0         0         0         0         0         0         0         0         0         0         0         0         0         0         0         0         0         0         0         0         0         0         0         0         0         0         0         0         0         0         0         0         0         0         0         0         0         0         0         0         0         0         0         0         0         0         0       
   0         0         0         0         0         0         0         0         0         0         0         0         0         0         0         0         0         0         0         0         0         0         0         0         0         0         0         0         0         0         0         0         0         0         0         0         0         0         0         0         0         0         0         0         0         0         0         0         0         0         0         0         0         0         0         0         0         0         0         0         0         0         0         0         0         0         0         0         0         0         0         0         0         0         0         0         0         0       
   0         0         0         0         0         0         0         0         0         0         0         0         0         0         0         0         0         0         0         0         0         0         0         0         0         0         0         0         0         0         0         0         0         0         0         0         0         0         0         0         0         0         0         0         0         0         0         0         0         0         0         0         0         0         0         0         0         0         0         0         0         0         0         0         0         0         0         0         0         0         0         0         0         0         0         0         0         0       
   0         0         0         0         0         0         0         0         0         0         0         0         0         0         0         0         0         0         0         0         0         0         0         0         0         0         0         0         0         0         0         0         0         0         0         0         0         0         0         0         0         0         0         0         0         0         0         0         0         0         0         0         0         0         0         0         0         0         0         0         0         0         0         0         0         0         0         0         0         0         0         0         0         0         0         0         0         0       
   0         0         0         0         0         0         0         0         0         0         0         0         0         0         0         0         0         0         0         0         0         0         0         0         0         0         0         0         0         0         0         0         0         0         0         0         0         0         0         0         0         0         0         0         0         0         0         0         0         0         0         0         0         0         0         0         0         0         0         0         0         0         0         0         0         0         0         0         0         0         0         0         0         0         0         0         0         0       
   0         0         0         0         0         0         0         0         0         0         0         0         0         0         0         0         0         0         0         0         0         0         0         0         0         0         0         0         0         0         0         0         0         0         0         0         0         0         0         0         0         0         0         0         0         0         0         0         0         0         0         0         0         0         0         0         0         0         0         0         0         0         0         0         0         0         0         0         0         0         0         0         0         0         0         0         0         0       
   0         0         0         0         0         0         0         0         0         0         0         0         0         0         0         0         0         0         0         0         0         0         0         0         0         0         0         0         0         0         0         0         0         0         0         0         0         0         0         0         0         0         0         0         0         0         0         0         0         0         0         0         0         0         0         0         0         0         0         0         0         0         0         0         0         0         0         0         0         0         0         0         0         0         0         0         0         0       
   0         0         0         0         0         0         0         0         0         0         0         0         0         0         0         0         0         0         0         0         0         0         0         0         0         0         0         0         0         0         0         0         0         0         0         0         0         0         0         0         0         0         0         0         0         0         0         0         0         0         0         0         0         0         0         0         0         0         0         0         0         0         0         0         0         0         0         0         0         0         0         0         0         0         0         0         0         0       
   0         0         0         0         0         0         0         0         0         0         0         0         0         0         0         0         0         0         0         0         0         0         0         0         0         0         0         0         0         0         0         0         0         0         0         0         0         0         0         0         0         0         0         0         0         0         0         0         0         0         0         0         0         0         0         0         0         0         0         0         0         0         0         0         0         0         0         0         0         0         0         0         0         0         0         0         0         0       
   0         0         0         0         0         0         0         0         0         0         0         0         0         0         0         0         0         0         0         0         0         0         0         0         0         0         0         0         0         0         0         0         0         0         0         0         0         0         0         0         0         0         0         0         0         0         0         0         0         0         0         0         0         0         0         0         0         0         0         0         0         0         0         0         0         0         0         0         0         0         0         0         0         0         0         0         0         0       
   0         0         0         0         0         0         0         0         0         0         0         0         0         0         0         0         0         0         0         0         0         0         0         0         0         0         0         0         0         0         0         0         0         0         0         0         0         0         0         0         0         0         0         0         0         0         0         0         0         0         0         0         0         0         0         0         0         0         0         0         0         0         0         0         0         0         0         0         0         0         0         0         0         0         0         0         0         0       
   0         0         0         0         0         0         0         0         0         0         0         0         0         0         0         0         0         0         0         0         0         0         0         0         0         0         0         0         0         0         0         0         0         0         0         0         0         0         0         0         0         0         0         0         0         0         0         0         0         0         0         0         0         0         0         0         0         0         0         0         0         0         0         0         0         0         0         0         0         0         0         0         0         0         0         0         0         0       
   0         0         0         0         0         0         0         0         0         0         0         0         0         0         0         0         0         0         0         0         0         0         0         0         0         0         0         0         0         0         0         0         0         0         0         0         0         0         0         0         0         0         0         0         0         0         0         0         0         0         0         0         0         0         0         0         0         0         0         0         0         0         0         0         0         0         0         0         0         0         0         0         0         0         0         0         0         0       
   0         0         0         0         0         0         0         0         0         0         0         0         0         0         0         0         0         0         0         0         0         0         0         0         0         0         0         0         0         0         0         0         0         0         0         0         0         0         0         0         0         0         0         0         0         0         0         0         0         0         0         0         0         0         0         0         0         0         0         0         0         0         0         0         0         0         0         0         0         0         0         0         0         0         0         0         0         0       
   0         0         0         0         0         0         0         0         0         0         0         0         0         0         0         0         0         0         0         0         0         0         0         0         0         0         0         0         0         0         0         0         0         0         0         0         0         0         0         0         0         0         0         0         0         0         0         0         0         0         0         0         0         0         0         0         0         0         0         0         0         0         0         0         0         0         0         0         0         0         0         0         0         0         0         0         0         0       
   0         0         0         0         0         0         0         0         0         0         0         0         0         0         0         0         0         0         0         0         0         0         0         0         0         0         0         0         0         0         0         0         0         0         0         0         0         0         0         0         0         0         0         0         0         0         0         0         0         0         0         0         0         0         0         0         0         0         0         0         0         0         0         0         0         0         0         0         0         0         0         0         0         0         0         0         0         0       
   0         0         0         0         0         0         0         0         0         0         0         0         0         0         0         0         0         0         0         0         0         0         0         0         0         0         0         0         0         0         0         0         0         0         0         0         0         0         0         0         0         0         0         0         0         0         0         0         0         0         0         0         0         0         0         0         0         0         0         0         0         0         0         0         0         0         0         0         0         0         0         0         0         0         0         0         0         0       
   0         0         0         0         0         0         0         0         0         0         0         0         0         0         0         0         0         0         0         0         0         0         0         0         0         0         0         0         0         0         0         0         0         0         0         0         0         0         0         0         0         0         0         0         0         0         0         0         0         0         0         0         0         0         0         0         0         0         0         0         0         0         0         0         0         0         0         0         0         0         0         0         0         0         0         0         0         0       
   0         0         0         0         0         0         0         0         0         0         0         0         0         0         0         0         0         0         0         0         0         0         0         0         0         0         0         0         0         0         0         0         0         0         0         0         0         0         0         0         0         0         0         0         0         0         0         0         0         0         0         0         0         0         0         0         0         0         0         0         0         0         0         0         0         0         0         0         0         0         0         0         0         0         0         0         0         0       
   0         0         0         0         0         0         0         0         0         0         0         0         0         0         0         0         0         0         0         0         0         0         0         0         0         0         0         0         0         0         0         0         0         0         0         0         0         0         0         0         0         0         0         0         0         0         0         0         0         0         0         0         0         0         0         0         0         0         0         0         0         0         0         0         0         0         0         0         0         0         0         0         0         0         0         0         0         0       
   0         0         0         0         0         0         0         0         0         0         0         0         0         0         0         0         0         0         0         0         0         0         0         0         0         0         0         0         0         0         0         0         0         0         0         0         0         0         0         0         0         0         0         0         0         0         0         0         0         0         0         0         0         0         0         0         0         0         0         0         0         0         0         0         0         0         0         0         0         0         0         0         0         0         0         0         0         0       

QLU
   0         0         0         0         0         0         0         0         0         0         0         0         0         0         0         0         0         0         0         0         0         0         0         0         0         0         0         0         0         0         0         0         0         0         0         0         0         0         0         0         0         0         0         0         0         0         0         0         0         0         0         0         0         0         0         0         0         0         0         0         0         0         0         0         0         0         0         0         0         0         0         0         0         0         0         0         0         0       
   0         0         0         0         0         0         0         0         0         0         0         0         0         0         0         0         0         0         0         0         0         0         0         0         0         0         0         0         0         0         0         0         0         0         0         0         0         0         0         0         0         0         0         0         0         0         0         0         0         0         0         0         0         0         0         0         0         0         0         0         0         0         0         0         0         0         0         0         0         0         0         0         0         0         0         0         0         0       
   0         0         0         0         0         0         0         0         0         0         0         0         0         0         0         0         0         0         0         0         0         0         0         0         0         0         0         0         0         0         0         0         0         0         0         0         0         0         0         0         0         0         0         0         0         0         0         0         0         0         0         0         0         0         0         0         0         0         0         0         0         0         0         0         0         0         0         0         0         0         0         0         0         0         0         0         0         0       
   0         0         0         0         0         0         0         0         0         0         0         0         0         0         0         0         0         0         0         0         0         0         0         0         0         0         0         0         0         0         0         0         0         0         0         0         0         0         0         0         0         0         0         0         0         0         0         0         0         0         0         0         0         0         0         0         0         0         0         0         0         0         0         0         0         0         0         0         0         0         0         0         0         0         0         0         0         0       
   0         0         0         0         0         0         0         0         0         0         0         0         0         0         0         0         0         0         0         0         0         0         0         0         0         0         0         0         0         0         0         0         0         0         0         0         0         0         0         0         0         0         0         0         0         0         0         0         0         0         0         0         0         0         0         0         0         0         0         0         0         0         0         0         0         0         0         0         0         0         0         0         0         0         0         0         0         0       
   0         0         0         0         0         0         0         0         0         0         0         0         0         0         0         0         0         0         0         0         0         0         0         0         0         0         0         0         0         0         0         0         0         0         0         0         0         0         0         0         0         0         0         0         0         0         0         0         0         0         0         0         0         0         0         0         0         0         0         0         0         0         0         0         0         0         0         0         0         0         0         0         0         0         0         0         0         0       
   0         0         0         0         0         0         0         0         0         0         0         0         0         0         0         0         0         0         0         0         0         0         0         0         0         0         0         0         0         0         0         0         0         0         0         0         0         0         0         0         0         0         0         0         0         0         0         0         0         0         0         0         0         0         0         0         0         0         0         0         0         0         0         0         0         0         0         0         0         0         0         0         0         0         0         0         0         0       
   0         0         0         0         0         0         0         0         0         0         0         0         0         0         0         0         0         0         0         0         0         0         0         0         0         0         0         0         0         0         0         0         0         0         0         0         0         0         0         0         0         0         0         0         0         0         0         0         0         0         0         0         0         0         0         0         0         0         0         0         0         0         0         0         0         0         0         0         0         0         0         0         0         0         0         0         0         0       
   0         0         0         0         0         0         0         0         0         0         0         0         0         0         0         0         0         0         0         0         0         0         0         0         0         0         0         0         0         0         0         0         0         0         0         0         0         0         0         0         0         0         0         0         0         0         0         0         0         0         0         0         0         0         0         0         0         0         0         0         0         0         0         0         0         0         0         0         0         0         0         0         0         0         0         0         0         0       
   0         0         0         0         0         0         0         0         0         0         0         0         0         0         0         0         0         0         0         0         0         0         0         0         0         0         0         0         0         0         0         0         0         0         0         0         0         0         0         0         0         0         0         0         0         0         0         0         0         0         0         0         0         0         0         0         0         0         0         0         0         0         0         0         0         0         0         0         0         0         0         0         0         0         0         0         0         0       
   0         0         0         0         0         0         0         0         0         0         0         0         0         0         0         0         0         0         0         0         0         0         0         0         0         0         0         0         0         0         0         0         0         0         0         0         0         0         0         0         0         0         0         0         0         0         0         0         0         0         0         0         0         0         0         0         0         0         0         0         0         0         0         0         0         0         0         0         0         0         0         0         0         0         0         0         0         0       
   0         0         0         0         0         0         0         0         0         0         0         0         0         0         0         0         0         0         0         0         0         0         0         0         0         0         0         0         0         0         0         0         0         0         0         0         0         0         0         0         0         0         0         0         0         0         0         0         0         0         0         0         0         0         0         0         0         0         0         0         0         0         0         0         0         0         0         0         0         0         0         0         0         0         0         0         0         0       
   0         0         0         0         0         0         0         0         0         0         0         0         0         0         0         0         0         0         0         0         0         0         0         0         0         0         0         0         0         0         0         0         0         0         0         0         0         0         0         0         0         0         0         0         0         0         0         0         0         0         0         0         0         0         0         0         0         0         0         0         0         0         0         0         0         0         0         0         0         0         0         0         0         0         0         0         0         0       
   0         0         0         0         0         0         0         0         0         0         0         0         0         0         0         0         0         0         0         0         0         0         0         0         0         0         0         0         0         0         0         0         0         0         0         0         0         0         0         0         0         0         0         0         0         0         0         0         0         0         0         0         0         0         0         0         0         0         0         0         0         0         0         0         0         0         0         0         0         0         0         0         0         0         0         0         0         0       
   0         0         0         0         0         0         0         0         0         0         0         0         0         0         0         0         0         0         0         0         0         0         0         0         0         0         0         0         0         0         0         0         0         0         0         0         0         0         0         0         0         0         0         0         0         0         0         0         0         0         0         0         0         0         0         0         0         0         0         0         0         0         0         0         0         0         0         0         0         0         0         0         0         0         0         0         0         0       
   0         0         0         0         0         0         0         0         0         0         0         0         0         0         0         0         0         0         0         0         0         0         0         0         0         0         0         0         0         0         0         0         0         0         0         0         0         0         0         0         0         0         0         0         0         0         0         0         0         0         0         0         0         0         0         0         0         0         0         0         0         0         0         0         0         0         0         0         0         0         0         0         0         0         0         0         0         0       
   0         0         0         0         0         0         0         0         0         0         0         0         0         0         0         0         0         0         0         0         0         0         0         0         0         0         0         0         0         0         0         0         0         0         0         0         0         0         0         0         0         0         0         0         0         0         0         0         0         0         0         0         0         0         0         0         0         0         0         0         0         0         0         0         0         0         0         0         0         0         0         0         0         0         0         0         0         0       
   0         0         0         0         0         0         0         0         0         0         0         0         0         0         0         0         0         0         0         0         0         0         0         0         0         0         0         0         0         0         0         0         0         0         0         0         0         0         0         0         0         0         0         0         0         0         0         0         0         0         0         0         0         0         0         0         0         0         0         0         0         0         0         0         0         0         0         0         0         0         0         0         0         0         0         0         0         0       
   0         0         0         0         0         0         0         0         0         0         0         0         0         0         0         0         0         0         0         0         0         0         0         0         0         0         0         0         0         0         0         0         0         0         0         0         0         0         0         0         0         0         0         0         0         0         0         0         0         0         0         0         0         0         0         0         0         0         0         0         0         0         0         0         0         0         0         0         0         0         0         0         0         0         0         0         0         0       
   0         0         0         0         0         0         0         0         0         0         0         0         0         0         0         0         0         0         0         0         0         0         0         0         0         0         0         0         0         0         0         0         0         0         0         0         0         0         0         0         0         0         0         0         0         0         0         0         0         0         0         0         0         0         0         0         0         0         0         0         0         0         0         0         0         0         0         0         0         0         0         0         0         0         0         0         0         0       
   0         0         0         0         0         0         0         0         0         0         0         0         0         0         0         0         0         0         0         0         0         0         0         0         0         0         0         0         0         0         0         0         0         0         0         0         0         0         0         0         0         0         0         0         0         0         0         0         0         0         0         0         0         0         0         0         0         0         0         0         0         0         0         0         0         0         0         0         0         0         0         0         0         0         0         0         0         0       
   0         0         0         0         0         0         0         0         0         0         0         0         0         0         0         0         0         0         0         0         0         0         0         0         0         0         0         0         0         0         0         0         0         0         0         0         0         0         0         0         0         0         0         0         0         0         0         0         0         0         0         0         0         0         0         0         0         0         0         0         0         0         0         0         0         0         0         0         0         0         0         0         0         0         0         0         0         0       
   0         0         0         0         0         0         0         0         0         0         0         0         0         0         0         0         0         0         0         0         0         0         0         0         0         0         0         0         0         0         0         0         0         0         0         0         0         0         0         0         0         0         0         0         0         0         0         0         0         0         0         0         0         0         0         0         0         0         0         0         0         0         0         0         0         0         0         0         0         0         0         0         0         0         0         0         0         0       
   0         0         0         0         0         0         0         0         0         0         0         0         0         0         0         0         0         0         0         0         0         0         0         0         0         0         0         0         0         0         0         0         0         0         0         0         0         0         0         0         0         0         0         0         0         0         0         0         0         0         0         0         0         0         0         0         0         0         0         0         0         0         0         0         0         0         0         0         0         0         0         0         0         0         0         0         0         0       
   0         0         0         0         0         0         0         0         0         0         0         0         0         0         0         0         0         0         0         0         0         0         0         0         0         0         0         0         0         0         0         0         0         0         0         0         0         0         0         0         0         0         0         0         0         0         0         0         0         0         0         0         0         0         0         0         0         0         0         0         0         0         0         0         0         0         0         0         0         0         0         0         0         0         0         0         0         0       
   0         0         0         0         0         0         0         0         0         0         0         0         0         0         0         0         0         0         0         0         0         0         0         0         0         0         0         0         0         0         0         0         0         0         0         0         0         0         0         0         0         0         0         0         0         0         0         0         0         0         0         0         0         0         0         0         0         0         0         0         0         0         0         0         0         0         0         0         0         0         0         0         0         0         0         0         0         0       
   0         0         0         0         0         0         0         0         0         0         0         0         0         0         0         0         0         0         0         0         0         0         0         0         0         0         0         0         0         0         0         0         0         0         0         0         0         0         0         0         0         0         0         0         0         0         0         0         0         0         0         0         0         0         0         0         0         0         0         0         0         0         0         0         0         0         0         0         0         0         0         0         0         0         0         0         0         0       
   0         0         0         0         0         0         0         0         0         0         0         0         0         0         0         0         0         0         0         0         0         0         0         0         0         0         0         0         0         0         0         0         0         0         0         0         0         0         0         0         0         0         0         0         0         0         0         0         0         0         0         0         0         0         0         0         0         0         0         0         0         0         0         0         0         0         0         0         0         0         0         0         0         0         0         0         0         0       
   0         0         0         0         0         0         0         0         0         0         0         0         0         0         0         0         0         0         0         0         0         0         0         0         0         0         0         0         0         0         0         0         0         0         0         0         0         0         0         0         0         0         0         0         0         0         0         0         0         0         0         0         0         0         0         0         0         0         0         0         0         0         0         0         0         0         0         0         0         0         0         0         0         0         0         0         0         0       
   0         0         0         0         0         0         0         0         0         0         0         0         0         0         0         0         0         0         0         0         0         0         0         0         0         0         0         0         0         0         0         0         0         0         0         0         0         0         0         0         0         0         0         0         0         0         0         0         0         0         0         0         0         0         0         0         0         0         0         0         0         0         0         0         0         0         0         0         0         0         0         0         0         0         0         0         0         0       
   0         0         0         0         0         0         0         0         0         0         0         0         0         0         0         0         0         0         0         0         0         0         0         0         0         0         0         0         0         0         0         0         0         0         0         0         0         0         0         0         0         0         0         0         0         0         0         0         0         0         0         0         0         0         0         0         0         0         0         0         0         0         0         0         0         0         0         0         0         0         0         0         0         0         0         0         0         0       
   0         0         0         0         0         0         0         0         0         0         0         0         0         0         0         0         0         0         0         0         0         0         0         0         0         0         0         0         0         0         0         0         0         0         0         0         0         0         0         0         0         0         0         0         0         0         0         0         0         0         0         0         0         0         0         0         0         0         0         0         0         0         0         0         0         0         0         0         0         0         0         0         0         0         0         0         0         0       
   0         0         0         0         0         0         0         0         0         0         0         0         0         0         0         0         0         0         0         0         0         0         0         0         0         0         0         0         0         0         0         0         0         0         0         0         0         0         0         0         0         0         0         0         0         0         0         0         0         0         0         0         0         0         0         0         0         0         0         0         0         0         0         0         0         0         0         0         0         0         0         0         0         0         0         0         0         0       
   0         0         0         0         0         0         0         0         0         0         0         0         0         0         0         0         0         0         0         0         0         0         0         0         0         0         0         0         0         0         0         0         0         0         0         0         0         0         0         0         0         0         0         0         0         0         0         0         0         0         0         0         0         0         0         0         0         0         0         0         0         0         0         0         0         0         0         0         0         0         0         0         0         0         0         0         0         0       
   0         0         0         0         0         0         0         0         0         0         0         0         0         0         0         0         0         0         0         0         0         0         0         0         0         0         0         0         0         0         0         0         0         0         0         0         0         0         0         0         0         0         0         0         0         0         0         0         0         0         0         0         0         0         0         0         0         0         0         0         0         0         0         0         0         0         0         0         0         0         0         0         0         0         0         0         0         0       
   0         0         0         0         0         0         0         0         0         0         0         0         0         0         0         0         0         0         0         0         0         0         0         0         0         0         0         0         0         0         0         0         0         0         0         0         0         0         0         0         0         0         0         0         0         0         0         0         0         0         0         0         0         0         0         0         0         0         0         0         0         0         0         0         0         0         0         0         0         0         0         0         0         0         0         0         0         0       
   0         0         0         0         0         0         0         0         0         0         0         0         0         0         0         0         0         0         0         0         0         0         0         0         0         0         0         0         0         0         0         0         0         0         0         0         0         0         0         0         0         0         0         0         0         0         0         0         0         0         0         0         0         0         0         0         0         0         0         0         0         0         0         0         0         0         0         0         0         0         0         0         0         0         0         0         0         0       
   0         0         0         0         0         0         0         0         0         0         0         0         0         0         0         0         0         0         0         0         0         0         0         0         0         0         0         0         0         0         0         0         0         0         0         0         0         0         0         0         0         0         0         0         0         0         0         0         0         0         0         0         0         0         0         0         0         0         0         0         0         0         0         0         0         0         0         0         0         0         0         0         0         0         0         0         0         0       
   0         0         0         0         0         0         0         0         0         0         0         0         0         0         0         0         0         0         0         0         0         0         0         0         0         0         0         0         0         0         0         0         0         0         0         0         0         0         0         0         0         0         0         0         0         0         0         0         0         0         0         0         0         0         0         0         0         0         0         0         0         0         0         0         0         0         0         0         0         0         0         0         0         0         0         0         0         0       
   0         0         0         0         0         0         0         0         0         0         0         0         0         0         0         0         0         0         0         0         0         0         0         0         0         0         0         0         0         0         0         0         0         0         0         0         0         0         0         0         0         0         0         0         0         0         0         0         0         0         0         0         0         0         0         0         0         0         0         0         0         0         0         0         0         0         0         0         0         0         0         0         0         0         0         0         0         0       
   0         0         0         0         0         0         0         0         0         0         0         0         0         0         0         0         0         0         0         0         0         0         0         0         0         0         0         0         0         0         0         0         0         0         0         0         0         0         0         0         0         0         0         0         0         0         0         0         0         0         0         0         0         0         0         0         0         0         0         0         0         0         0         0         0         0         0         0         0         0         0         0         0         0         0         0         0         0       
   0         0         0         0         0         0         0         0         0         0         0         0         0         0         0         0         0         0         0         0         0         0         0         0         0         0         0         0         0         0         0         0         0         0         0         0         0         0         0         0         0         0         0         0         0         0         0         0         0         0         0         0         0         0         0         0         0         0         0         0         0         0         0         0         0         0         0         0         0         0         0         0         0         0         0         0         0         0       
   0         0         0         0         0         0         0         0         0         0         0         0         0         0         0         0         0         0         0         0         0         0         0         0         0         0         0         0         0         0         0         0         0         0         0         0         0         0         0         0         0         0         0         0         0         0         0         0         0         0         0         0         0         0         0         0         0         0         0         0         0         0         0         0         0         0         0         0         0         0         0         0         0         0         0         0         0         0       
   0         0         0         0         0         0         0         0         0         0         0         0         0         0         0         0         0         0         0         0         0         0         0         0         0         0         0         0         0         0         0         0         0         0         0         0         0         0         0         0         0         0         0         0         0         0         0         0         0         0         0         0         0         0         0         0         0         0         0         0         0         0         0         0         0         0         0         0         0         0         0         0         0         0         0         0         0         0       
   0         0         0         0         0         0         0         0         0         0         0         0         0         0         0         0         0         0         0         0         0         0         0         0         0         0         0         0         0         0         0         0         0         0         0         0         0         0         0         0         0         0         0         0         0         0         0         0         0         0         0         0         0         0         0         0         0         0         0         0         0         0         0         0         0         0         0         0         0         0         0         0         0         0         0         0         0         0       
   0         0         0         0         0         0         0         0         0         0         0         0         0         0         0         0         0         0         0         0         0         0         0         0         0         0         0         0         0         0         0         0         0         0         0         0         0         0         0         0         0         0         0         0         0         0         0         0         0         0         0         0         0         0         0         0         0         0         0         0         0         0         0         0         0         0         0         0         0         0         0         0         0         0         0         0         0         0       
   0         0         0         0         0         0         0         0         0         0         0         0         0         0         0         0         0         0         0         0         0         0         0         0         0         0         0         0         0         0         0         0         0         0         0         0         0         0         0         0         0         0         0         0         0         0         0         0         0         0         0         0         0         0         0         0         0         0         0         0         0         0         0         0         0         0         0         0         0         0         0         0         0         0         0         0         0         0       
   0         0         0         0         0         0         0         0         0         0         0         0         0         0         0         0         0         0         0         0         0         0         0         0         0         0         0         0         0         0         0         0         0         0         0         0         0         0         0         0         0         0         0         0         0         0         0         0         0         0         0         0         0         0         0         0         0         0         0         0         0         0         0         0         0         0         0         0         0         0         0         0         0         0         0         0         0         0       
   0         0         0         0         0         0         0         0         0         0         0         0         0         0         0         0         0         0         0         0         0         0         0         0         0         0         0         0         0         0         0         0         0         0         0         0         0         0         0         0         0         0         0         0         0         0         0         0         0         0         0         0         0         0         0         0         0         0         0         0         0         0         0         0         0         0         0         0         0         0         0         0         0         0         0         0         0         0       
   0         0         0         0         0         0         0         0         0         0         0         0         0         0         0         0         0         0         0         0         0         0         0         0         0         0         0         0         0         0         0         0         0         0         0         0         0         0         0         0         0         0         0         0         0         0         0         0         0         0         0         0         0         0         0         0         0         0         0         0         0         0         0         0         0         0         0         0         0         0         0         0         0         0         0         0         0         0       
   0         0         0         0         0         0         0         0         0         0         0         0         0         0         0         0         0         0         0         0         0         0         0         0         0         0         0         0         0         0         0         0         0         0         0         0         0         0         0         0         0         0         0         0         0         0         0         0         0         0         0         0         0         0         0         0         0         0         0         0         0         0         0         0         0         0         0         0         0         0         0         0         0         0         0         0         0         0       
   0         0         0         0         0         0         0         0         0         0         0         0         0         0         0         0         0         0         0         0         0         0         0         0         0         0         0         0         0         0         0         0         0         0         0         0         0         0         0         0         0         0         0         0         0         0         0         0         0         0         0         0         0         0         0         0         0         0         0         0         0         0         0         0         0         0         0         0         0         0         0         0         0         0         0         0         0         0       
   0         0         0         0         0         0         0         0         0         0         0         0         0         0         0         0         0         0         0         0         0         0         0         0         0         0         0         0         0         0         0         0         0         0         0         0         0         0         0         0         0         0         0         0         0         0         0         0         0         0         0         0         0         0         0         0         0         0         0         0         0         0         0         0         0         0         0         0         0         0         0         0         0         0         0         0         0         0       
   0         0         0         0         0         0         0         0         0         0         0         0         0         0         0         0         0         0         0         0         0         0         0         0         0         0         0         0         0         0         0         0         0         0         0         0         0         0         0         0         0         0         0         0         0         0         0         0         0         0         0         0         0         0         0         0         0         0         0         0         0         0         0         0         0         0         0         0         0         0         0         0         0         0         0         0         0         0       
   0         0         0         0         0         0         0         0         0         0         0         0         0         0         0         0         0         0         0         0         0         0         0         0         0         0         0         0         0         0         0         0         0         0         0         0         0         0         0         0         0         0         0         0         0         0         0         0         0         0         0         0         0         0         0         0         0         0         0         0         0         0         0         0         0         0         0         0         0         0         0         0         0         0         0         0         0         0       
   0         0         0         0         0         0         0         0         0         0         0         0         0         0         0         0         0         0         0         0         0         0         0         0         0         0         0         0         0         0         0         0         0         0         0         0         0         0         0         0         0         0         0         0         0         0         0         0         0         0         0         0         0         0         0         0         0         0         0         0         0         0         0         0         0         0         0         0         0         0         0         0         0         0         0         0         0         0       
   0         0         0         0         0         0         0         0         0         0         0         0         0         0         0         0         0         0         0         0         0         0         0         0         0         0         0         0         0         0         0         0         0         0         0         0         0         0         0         0         0         0         0         0         0         0         0         0         0         0         0         0         0         0         0         0         0         0         0         0         0         0         0         0         0         0         0         0         0         0         0         0         0         0         0         0         0         0       
   0         0         0         0         0         0         0         0         0         0         0         0         0         0         0         0         0         0         0         0         0         0         0         0         0         0         0         0         0         0         0         0         0         0         0         0         0         0         0         0         0         0         0         0         0         0         0         0         0         0         0         0         0         0         0         0         0         0         0         0         0         0         0         0         0         0         0         0         0         0         0         0         0         0         0         0         0         0       
   0         0         0         0         0         0         0         0         0         0         0         0         0         0         0         0         0         0         0         0         0         0         0         0         0         0         0         0         0         0         0         0         0         0         0         0         0         0         0         0         0         0         0         0         0         0         0         0         0         0         0         0         0         0         0         0         0         0         0         0         0         0         0         0         0         0         0         0         0         0         0         0         0         0         0         0         0         0       
   0         0         0         0         0         0         0         0         0         0         0         0         0         0         0         0         0         0         0         0         0         0         0         0         0         0         0         0         0         0         0         0         0         0         0         0         0         0         0         0         0         0         0         0         0         0         0         0         0         0         0         0         0         0         0         0         0         0         0         0         0         0         0         0         0         0         0         0         0         0         0         0         0         0         0         0         0         0       
   0         0         0         0         0         0         0         0         0         0         0         0         0         0         0         0         0         0         0         0         0         0         0         0         0         0         0         0         0         0         0         0         0         0         0         0         0         0         0         0         0         0         0         0         0         0         0         0         0         0         0         0         0         0         0         0         0         0         0         0         0         0         0         0         0         0         0         0         0         0         0         0         0         0         0         0         0         0       
   0         0         0         0         0         0         0         0         0         0         0         0         0         0         0         0         0         0         0         0         0         0         0         0         0         0         0         0         0         0         0         0         0         0         0         0         0         0         0         0         0         0         0         0         0         0         0         0         0         0         0         0         0         0         0         0         0         0         0         0         0         0         0         0         0         0         0         0         0         0         0         0         0         0         0         0         0         0       
   0         0         0         0         0         0         0         0         0         0         0         0         0         0         0         0         0         0         0         0         0         0         0         0         0         0         0         0         0         0         0         0         0         0         0         0         0         0         0         0         0         0         0         0         0         0         0         0         0         0         0         0         0         0         0         0         0         0         0         0         0         0         0         0         0         0         0         0         0         0         0         0         0         0         0         0         0         0       
   0         0         0         0         0         0         0         0         0         0         0         0         0         0         0         0         0         0         0         0         0         0         0         0         0         0         0         0         0         0         0         0         0         0         0         0         0         0         0         0         0         0         0         0         0         0         0         0         0         0         0         0         0         0         0         0         0         0         0         0         0         0         0         0         0         0         0         0         0         0         0         0         0         0         0         0         0         0       
   0         0         0         0         0         0         0         0         0         0         0         0         0         0         0         0         0         0         0         0         0         0         0         0         0         0         0         0         0         0         0         0         0         0         0         0         0         0         0         0         0         0         0         0         0         0         0         0         0         0         0         0         0         0         0         0         0         0         0         0         0         0         0         0         0         0         0         0         0         0         0         0         0         0         0         0         0         0       
   0         0         0         0         0         0         0         0         0         0         0         0         0         0         0         0         0         0         0         0         0         0         0         0         0         0         0         0         0         0         0         0         0         0         0         0         0         0         0         0         0         0         0         0         0         0         0         0         0         0         0         0         0         0         0         0         0         0         0         0         0         0         0         0         0         0         0         0         0         0         0         0         0         0         0         0         0         0       
   0         0         0         0         0         0         0         0         0         0         0         0         0         0         0         0         0         0         0         0         0         0         0         0         0         0         0         0         0         0         0         0         0         0         0         0         0         0         0         0         0         0         0         0         0         0         0         0         0         0         0         0         0         0         0         0         0         0         0         0         0         0         0         0         0         0         0         0         0         0         0         0         0         0         0         0         0         0       
   0         0         0         0         0         0         0         0         0         0         0         0         0         0         0         0         0         0         0         0         0         0         0         0         0         0         0         0         0         0         0         0         0         0         0         0         0         0         0         0         0         0         0         0         0         0         0         0         0         0         0         0         0         0         0         0         0         0         0         0         0         0         0         0         0         0         0         0         0         0         0         0         0         0         0         0         0         0       
   0         0         0         0         0         0         0         0         0         0         0         0         0         0         0         0         0         0         0         0         0         0         0         0         0         0         0         0         0         0         0         0         0         0         0         0         0         0         0         0         0         0         0         0         0         0         0         0         0         0         0         0         0         0         0         0         0         0         0         0         0         0         0         0         0         0         0         0         0         0         0         0         0         0         0         0         0         0       
   0         0         0         0         0         0         0         0         0         0         0         0         0         0         0         0         0         0         0         0         0         0         0         0         0         0         0         0         0         0         0         0         0         0         0         0         0         0         0         0         0         0         0         0         0         0         0         0         0         0         0         0         0         0         0         0         0         0         0         0         0         0         0         0         0         0         0         0         0         0         0         0         0         0         0         0         0         0       
   0         0         0         0         0         0         0         0         0         0         0         0         0         0         0         0         0         0         0         0         0         0         0         0         0         0         0         0         0         0         0         0         0         0         0         0         0         0         0         0         0         0         0         0         0         0         0         0         0         0         0         0         0         0         0         0         0         0         0         0         0         0         0         0         0         0         0         0         0         0         0         0         0         0         0         0         0         0       
   0         0         0         0         0         0         0         0         0         0         0         0         0         0         0         0         0         0         0         0         0         0         0         0         0         0         0         0         0         0         0         0         0         0         0         0         0         0         0         0         0         0         0         0         0         0         0         0         0         0         0         0         0         0         0         0         0         0         0         0         0         0         0         0         0         0         0         0         0         0         0         0         0         0         0         0         0         0       
   0         0         0         0         0         0         0         0         0         0         0         0         0         0         0         0         0         0         0         0         0         0         0         0         0         0         0         0         0         0         0         0         0         0         0         0         0         0         0         0         0         0         0         0         0         0         0         0         0         0         0         0         0         0         0         0         0         0         0         0         0         0         0         0         0         0         0         0         0         0         0         0         0         0         0         0         0         0       
   0         0         0         0         0         0         0         0         0         0         0         0         0         0         0         0         0         0         0         0         0         0         0         0         0         0         0         0         0         0         0         0         0         0         0         0         0         0         0         0         0         0         0         0         0         0         0         0         0         0         0         0         0         0         0         0         0         0         0         0         0         0         0         0         0         0         0         0         0         0         0         0         0         0         0         0         0         0       
   0         0         0         0         0         0         0         0         0         0         0         0         0         0         0         0         0         0         0         0         0         0         0         0         0         0         0         0         0         0         0         0         0         0         0         0         0         0         0         0         0         0         0         0         0         0         0         0         0         0         0         0         0         0         0         0         0         0         0         0         0         0         0         0         0         0         0         0         0         0         0         0         0         0         0         0         0         0       
   0         0         0         0         0         0         0         0         0         0         0         0         0         0         0         0         0         0         0         0         0         0         0         0         0         0         0         0         0         0         0         0         0         0         0         0         0         0         0         0         0         0         0         0         0         0         0         0         0         0         0         0         0         0         0         0         0         0         0         0         0         0         0         0         0         0         0         0         0         0         0         0         0         0         0         0         0         0       
   0         0         0         0         0         0         0         0         0         0         0         0         0         0         0         0         0         0         0         0         0         0         0         0         0         0         0         0         0         0         0         0         0         0         0         0         0         0         0         0         0         0         0         0         0         0         0         0         0         0         0         0         0         0         0         0         0         0         0         0         0         0         0         0         0         0         0         0         0         0         0         0         0         0         0         0         0         0       
   0         0         0         0         0         0         0         0         0         0         0         0         0         0         0         0         0         0         0         0         0         0         0         0         0         0         0         0         0         0         0         0         0         0         0         0         0         0         0         0         0         0         0         0         0         0         0         0         0         0         0         0         0         0         0         0         0         0         0         0         0         0         0         0         0         0         0         0         0         0         0         0         0         0         0         0         0         0       

CONTACT
  0:
     dim           3
     geoms         floor : L_Ankle
     exclude       0
     efc_address   0
     solref         0.02      1       
     solimp         0.2       0.95      0.01      0.5       1.5     
     dist           0.0051  
     includemargin  0.01    
     pos           -0.12     -0.28      0.0025  
     frame          0         0         1         0         1         0        -1         0         0       
     friction       1         1         0.005     0.0001    0.0001  
     mu             1       
  1:
     dim           3
     geoms         floor : L_Ankle
     exclude       0
     efc_address   4
     solref         0.02      1       
     solimp         0.2       0.95      0.01      0.5       1.5     
     dist           0.0051  
     includemargin  0.01    
     pos           -0.12     -0.19      0.0025  
     frame          0         0         1         0         1         0        -1         0         0       
     friction       1         1         0.005     0.0001    0.0001  
     mu             1       
  2:
     dim           3
     geoms         floor : L_Ankle
     exclude       0
     efc_address   8
     solref         0.02      1       
     solimp         0.2       0.95      0.01      0.5       1.5     
     dist           0.0051  
     includemargin  0.01    
     pos            0.054    -0.28      0.0025  
     frame          0         0         1         0         1         0        -1         0         0       
     friction       1         1         0.005     0.0001    0.0001  
     mu             1       
  3:
     dim           3
     geoms         floor : L_Ankle
     exclude       0
     efc_address   12
     solref         0.02      1       
     solimp         0.2       0.95      0.01      0.5       1.5     
     dist           0.0051  
     includemargin  0.01    
     pos            0.054    -0.19      0.0025  
     frame          0         0         1         0         1         0        -1         0         0       
     friction       1         1         0.005     0.0001    0.0001  
     mu             1       
  4:
     dim           3
     geoms         floor : L_Toe
     exclude       0
     efc_address   16
     solref         0.02      1       
     solimp         0.2       0.95      0.01      0.5       1.5     
     dist           0.0051  
     includemargin  0.01    
     pos            0.04     -0.28      0.0025  
     frame          0         0         1         0         1         0        -1         0         0       
     friction       1         1         0.005     0.0001    0.0001  
     mu             1       
  5:
     dim           3
     geoms         floor : L_Toe
     exclude       0
     efc_address   20
     solref         0.02      1       
     solimp         0.2       0.95      0.01      0.5       1.5     
     dist           0.0051  
     includemargin  0.01    
     pos            0.04     -0.19      0.0025  
     frame          0         0         1         0         1         0        -1         0         0       
     friction       1         1         0.005     0.0001    0.0001  
     mu             1       
  6:
     dim           3
     geoms         floor : L_Toe
     exclude       0
     efc_address   24
     solref         0.02      1       
     solimp         0.2       0.95      0.01      0.5       1.5     
     dist           0.0051  
     includemargin  0.01    
     pos            0.14     -0.28      0.0025  
     frame          0         0         1         0         1         0        -1         0         0       
     friction       1         1         0.005     0.0001    0.0001  
     mu             1       
  7:
     dim           3
     geoms         floor : L_Toe
     exclude       0
     efc_address   28
     solref         0.02      1       
     solimp         0.2       0.95      0.01      0.5       1.5     
     dist           0.0051  
     includemargin  0.01    
     pos            0.14     -0.19      0.0025  
     frame          0         0         1         0         1         0        -1         0         0       
     friction       1         1         0.005     0.0001    0.0001  
     mu             1       
  8:
     dim           3
     geoms         floor : R_Ankle
     exclude       0
     efc_address   32
     solref         0.02      1       
     solimp         0.2       0.95      0.01      0.5       1.5     
     dist           0.0033  
     includemargin  0.01    
     pos           -0.12     -0.51      0.0016  
     frame          0         0         1         0         1         0        -1         0         0       
     friction       1         1         0.005     0.0001    0.0001  
     mu             1       
  9:
     dim           3
     geoms         floor : R_Ankle
     exclude       0
     efc_address   36
     solref         0.02      1       
     solimp         0.2       0.95      0.01      0.5       1.5     
     dist           0.0033  
     includemargin  0.01    
     pos           -0.12     -0.41      0.0016  
     frame          0         0         1         0         1         0        -1         0         0       
     friction       1         1         0.005     0.0001    0.0001  
     mu             1       
  10:
     dim           3
     geoms         floor : R_Ankle
     exclude       0
     efc_address   40
     solref         0.02      1       
     solimp         0.2       0.95      0.01      0.5       1.5     
     dist           0.0033  
     includemargin  0.01    
     pos            0.057    -0.51      0.0016  
     frame          0         0         1         0         1         0        -1         0         0       
     friction       1         1         0.005     0.0001    0.0001  
     mu             1       
  11:
     dim           3
     geoms         floor : R_Ankle
     exclude       0
     efc_address   44
     solref         0.02      1       
     solimp         0.2       0.95      0.01      0.5       1.5     
     dist           0.0033  
     includemargin  0.01    
     pos            0.057    -0.41      0.0016  
     frame          0         0         1         0         1         0        -1         0         0       
     friction       1         1         0.005     0.0001    0.0001  
     mu             1       
  12:
     dim           3
     geoms         floor : R_Toe
     exclude       0
     efc_address   48
     solref         0.02      1       
     solimp         0.2       0.95      0.01      0.5       1.5     
     dist           0.0033  
     includemargin  0.01    
     pos            0.041    -0.51      0.0016  
     frame          0         0         1         0         1         0        -1         0         0       
     friction       1         1         0.005     0.0001    0.0001  
     mu             1       
  13:
     dim           3
     geoms         floor : R_Toe
     exclude       0
     efc_address   52
     solref         0.02      1       
     solimp         0.2       0.95      0.01      0.5       1.5     
     dist           0.0033  
     includemargin  0.01    
     pos            0.041    -0.41      0.0016  
     frame          0         0         1         0         1         0        -1         0         0       
     friction       1         1         0.005     0.0001    0.0001  
     mu             1       
  14:
     dim           3
     geoms         floor : R_Toe
     exclude       0
     efc_address   56
     solref         0.02      1       
     solimp         0.2       0.95      0.01      0.5       1.5     
     dist           0.0033  
     includemargin  0.01    
     pos            0.14     -0.51      0.0016  
     frame          0         0         1         0         1         0        -1         0         0       
     friction       1         1         0.005     0.0001    0.0001  
     mu             1       
  15:
     dim           3
     geoms         floor : R_Toe
     exclude       0
     efc_address   60
     solref         0.02      1       
     solimp         0.2       0.95      0.01      0.5       1.5     
     dist           0.0033  
     includemargin  0.01    
     pos            0.14     -0.41      0.0016  
     frame          0         0         1         0         1         0        -1         0         0       
     friction       1         1         0.005     0.0001    0.0001  
     mu             1       
  16:
     dim           3
     geoms         ball : ballstand
     exclude       0
     efc_address   64
     solref         0.02      1       
     solimp         0.2       0.95      0.01      0.5       1.5     
     dist           4.2e-17 
     includemargin  0.01    
     pos            0        -1         1       
     frame          0         0        -1         0         1         0         1        -0         0       
     friction       1         1         0.005     0.0001    0.0001  
     mu             1       

EFC_TYPE
  6
  6
  6
  6
  6
  6
  6
  6
  6
  6
  6
  6
  6
  6
  6
  6
  6
  6
  6
  6
  6
  6
  6
  6
  6
  6
  6
  6
  6
  6
  6
  6
  6
  6
  6
  6
  6
  6
  6
  6
  6
  6
  6
  6
  6
  6
  6
  6
  6
  6
  6
  6
  6
  6
  6
  6
  6
  6
  6
  6
  6
  6
  6
  6
  6
  6
  6
  6

EFC_ID
  0
  0
  0
  0
  1
  1
  1
  1
  2
  2
  2
  2
  3
  3
  3
  3
  4
  4
  4
  4
  5
  5
  5
  5
  6
  6
  6
  6
  7
  7
  7
  7
  8
  8
  8
  8
  9
  9
  9
  9
  10
  10
  10
  10
  11
  11
  11
  11
  12
  12
  12
  12
  13
  13
  13
  13
  14
  14
  14
  14
  15
  15
  15
  15
  16
  16
  16
  16

J: constraint Jacobian
--------------------------------------------------------------------------------
 xxxxxxxxxxxxxxx                                                                |
 xxxxxxxxxxxxxxx                                                                |
 xxxxxxxxxxxxxxx                                                                |
 xxxxxxxxxxxxxxx                                                                |
 xxxxxxxxxxxxxxx                                                                |
 xxxxxxxxxxxxxxx                                                                |
 xxxxxxxxxxxxxxx                                                                |
 xxxxxxxxxxxxxxx                                                                |
 xxxxxxxxxxxxxxx                                                                |
 xxxxxxxxxxxxxxx                                                                |
 xxxxxxxxxxxxxxx                                                                |
 xxxxxxxxxxxxxxx                                                                |
 xxxxxxxxxxxxxxx                                                                |
 xxxxxxxxxxxxxxx                                                                |
 xxxxxxxxxxxxxxx                                                                |
 xxxxxxxxxxxxxxx                                                                |
 xxxxxxxxxxxxxxxxxx                                                             |
 xxxxxxxxxxxxxxxxxx                                                             |
 xxxxxxxxxxxxxxxxxx                                                             |
 xxxxxxxxxxxxxxxxxx                                                             |
 xxxxxxxxxxxxxxxxxx                                                             |
 xxxxxxxxxxxxxxxxxx                                                             |
 xxxxxxxxxxxxxxxxxx                                                             |
 xxxxxxxxxxxxxxxxxx                                                             |
 xxxxxxxxxxxxxxxxxx                                                             |
 xxxxxxxxxxxxxxxxxx                                                             |
 xxxxxxxxxxxxxxxxxx                                                             |
 xxxxxxxxxxxxxxxxxx                                                             |
 xxxxxxxxxxxxxxxxxx                                                             |
 xxxxxxxxxxxxxxxxxx                                                             |
 xxxxxxxxxxxxxxxxxx                                                             |
 xxxxxxxxxxxxxxxxxx                                                             |
 xxxxxx            xxxxxxxxx                                                    |
 xxxxxx            xxxxxxxxx                                                    |
 xxxxxx            xxxxxxxxx                                                    |
 xxxxxx            xxxxxxxxx                                                    |
 xxxxxx            xxxxxxxxx                                                    |
 xxxxxx            xxxxxxxxx                                                    |
 xxxxxx            xxxxxxxxx                                                    |
 xxxxxx            xxxxxxxxx                                                    |
 xxxxxx            xxxxxxxxx                                                    |
 xxxxxx            xxxxxxxxx                                                    |
 xxxxxx            xxxxxxxxx                                                    |
 xxxxxx            xxxxxxxxx                                                    |
 xxxxxx            xxxxxxxxx                                                    |
 xxxxxx            xxxxxxxxx                                                    |
 xxxxxx            xxxxxxxxx                                                    |
 xxxxxx            xxxxxxxxx                                                    |
 xxxxxx            xxxxxxxxxxxx                                                 |
 xxxxxx            xxxxxxxxxxxx                                                 |
 xxxxxx            xxxxxxxxxxxx                                                 |
 xxxxxx            xxxxxxxxxxxx                                                 |
 xxxxxx            xxxxxxxxxxxx                                                 |
 xxxxxx            xxxxxxxxxxxx                                                 |
 xxxxxx            xxxxxxxxxxxx                                                 |
 xxxxxx            xxxxxxxxxxxx                                                 |
 xxxxxx            xxxxxxxxxxxx                                                 |
 xxxxxx            xxxxxxxxxxxx                                                 |
 xxxxxx            xxxxxxxxxxxx                                                 |
 xxxxxx            xxxxxxxxxxxx                                                 |
 xxxxxx            xxxxxxxxxxxx                                                 |
 xxxxxx            xxxxxxxxxxxx                                                 |
 xxxxxx            xxxxxxxxxxxx                                                 |
 xxxxxx            xxxxxxxxxxxx                                                 |
                                                                            xxx |
                                                                            xxx |
                                                                            xxx |
                                                                            xxx |
--------------------------------------------------------------------------------

EFC_J_ROWNNZ
  15
  15
  15
  15
  15
  15
  15
  15
  15
  15
  15
  15
  15
  15
  15
  15
  18
  18
  18
  18
  18
  18
  18
  18
  18
  18
  18
  18
  18
  18
  18
  18
  15
  15
  15
  15
  15
  15
  15
  15
  15
  15
  15
  15
  15
  15
  15
  15
  18
  18
  18
  18
  18
  18
  18
  18
  18
  18
  18
  18
  18
  18
  18
  18
  3
  3
  3
  3

EFC_J_ROWADR
  0
  15
  30
  45
  60
  75
  90
  105
  120
  135
  150
  165
  180
  195
  210
  225
  240
  258
  276
  294
  312
  330
  348
  366
  384
  402
  420
  438
  456
  474
  492
  510
  528
  543
  558
  573
  588
  603
  618
  633
  648
  663
  678
  693
  708
  723
  738
  753
  768
  786
  804
  822
  840
  858
  876
  894
  912
  930
  948
  966
  984
  1002
  1020
  1038
  1056
  1059
  1062
  1065

EFC_J
    0:  0         1:  1         2:  1         3:  0.12      4: -0.12      5:  1         6:  0.11      7: -0.11      8:  0.84      9:  0.1       10: -0.1       11:  0.43      12:  0.061     13: -0.061     14:  0.048   
    0:  0         1: -1         2:  1         3:  0.12      4:  0.12      5: -0.87      6:  0.11      7:  0.11      8: -0.85      9:  0.1       10:  0.1       11: -0.51      12:  0.061     13:  0.061     14: -0.098   
    0: -1         1:  0         2:  1         3:  1.1       4:  0.065     5:  0.065     6:  0.96      7: -0.0043    8: -0.0043    9:  0.58      10: -0.039     11: -0.039     12:  0.13      13: -0.025     14: -0.025   
    0:  1         1:  0         2:  1         3: -0.82      4: -0.065     5:  0.065     6: -0.74      7:  0.0043    8: -0.0043    9: -0.37      10:  0.039     11: -0.039     12: -0.012     13:  0.025     14: -0.025   
    0:  0         1:  1         2:  1         3:  0.12      4: -0.12      5:  1.1       6:  0.11      7: -0.11      8:  0.94      9:  0.1       10: -0.1       11:  0.53      12:  0.061     13: -0.061     14:  0.14    
    0:  0         1: -1         2:  1         3:  0.12      4:  0.12      5: -0.78      6:  0.11      7:  0.11      8: -0.75      9:  0.1       10:  0.1       11: -0.41      12:  0.061     13:  0.061     14: -0.0012  
    0: -1         1:  0         2:  1         3:  1.1       4:  0.16      5:  0.16      6:  0.96      7:  0.092     8:  0.092     9:  0.58      10:  0.058     11:  0.058     12:  0.13      13:  0.072     14:  0.072   
    0:  1         1:  0         2:  1         3: -0.82      4: -0.16      5:  0.16      6: -0.74      7: -0.092     8:  0.092     9: -0.37      10: -0.058     11:  0.058     12: -0.012     13: -0.072     14:  0.072   
    0:  0         1:  1         2:  1         3: -0.054     4:  0.054     5:  1         6: -0.061     7:  0.061     8:  0.84      9: -0.066     10:  0.066     11:  0.43      12: -0.11      13:  0.11      14:  0.048   
    0:  0         1: -1         2:  1         3: -0.054     4: -0.054     5: -0.87      6: -0.061     7: -0.061     8: -0.85      9: -0.066     10: -0.066     11: -0.51      12: -0.11      13: -0.11      14: -0.098   
    0: -1         1:  0         2:  1         3:  0.88      4:  0.065     5:  0.065     6:  0.79      7: -0.0043    8: -0.0043    9:  0.41      10: -0.039     11: -0.039     12: -0.036     13: -0.025     14: -0.025   
    0:  1         1:  0         2:  1         3: -0.99      4: -0.065     5:  0.065     6: -0.91      7:  0.0043    8: -0.0043    9: -0.54      10:  0.039     11: -0.039     12: -0.18      13:  0.025     14: -0.025   
    0:  0         1:  1         2:  1         3: -0.054     4:  0.054     5:  1.1       6: -0.061     7:  0.061     8:  0.94      9: -0.066     10:  0.066     11:  0.53      12: -0.11      13:  0.11      14:  0.14    
    0:  0         1: -1         2:  1         3: -0.054     4: -0.054     5: -0.78      6: -0.061     7: -0.061     8: -0.75      9: -0.066     10: -0.066     11: -0.41      12: -0.11      13: -0.11      14: -0.0012  
    0: -1         1:  0         2:  1         3:  0.88      4:  0.16      5:  0.16      6:  0.79      7:  0.092     8:  0.092     9:  0.41      10:  0.058     11:  0.058     12: -0.036     13:  0.072     14:  0.072   
    0:  1         1:  0         2:  1         3: -0.99      4: -0.16      5:  0.16      6: -0.91      7: -0.092     8:  0.092     9: -0.54      10: -0.058     11:  0.058     12: -0.18      13: -0.072     14:  0.072   
    0:  0         1:  1         2:  1         3: -0.04      4:  0.04      5:  1         6: -0.046     7:  0.046     8:  0.84      9: -0.051     10:  0.051     11:  0.43      12: -0.095     13:  0.095     14:  0.048     15:  0.025     16: -0.025     17: -0.034   
    0:  0         1: -1         2:  1         3: -0.04      4: -0.04      5: -0.87      6: -0.046     7: -0.046     8: -0.85      9: -0.051     10: -0.051     11: -0.51      12: -0.095     13: -0.095     14: -0.097     15:  0.025     16:  0.025     17: -0.068   
    0: -1         1:  0         2:  1         3:  0.9       4:  0.066     5:  0.066     6:  0.8       7: -0.0037    8: -0.0037    9:  0.42      10: -0.038     11: -0.038     12: -0.022     13: -0.024     14: -0.024     15:  0.042     16: -0.051     17: -0.051   
    0:  1         1:  0         2:  1         3: -0.98      4: -0.066     5:  0.066     6: -0.89      7:  0.0037    8: -0.0037    9: -0.52      10:  0.038     11: -0.038     12: -0.17      13:  0.024     14: -0.024     15:  0.0077    16:  0.051     17: -0.051   
    0:  0         1:  1         2:  1         3: -0.04      4:  0.04      5:  1.1       6: -0.046     7:  0.046     8:  0.94      9: -0.051     10:  0.051     11:  0.53      12: -0.095     13:  0.095     14:  0.14      15:  0.025     16: -0.025     17:  0.062   
    0:  0         1: -1         2:  1         3: -0.04      4: -0.04      5: -0.78      6: -0.046     7: -0.046     8: -0.75      9: -0.051     10: -0.051     11: -0.41      12: -0.095     13: -0.095     14: -0.0016    15:  0.025     16:  0.025     17:  0.028   
    0: -1         1:  0         2:  1         3:  0.9       4:  0.16      5:  0.16      6:  0.8       7:  0.092     8:  0.092     9:  0.42      10:  0.058     11:  0.058     12: -0.022     13:  0.071     14:  0.071     15:  0.042     16:  0.045     17:  0.045   
    0:  1         1:  0         2:  1         3: -0.98      4: -0.16      5:  0.16      6: -0.89      7: -0.092     8:  0.092     9: -0.52      10: -0.058     11:  0.058     12: -0.17      13: -0.071     14:  0.071     15:  0.0077    16: -0.045     17:  0.045   
    0:  0         1:  1         2:  1         3: -0.14      4:  0.14      5:  1         6: -0.15      7:  0.15      8:  0.84      9: -0.15      10:  0.15      11:  0.43      12: -0.19      13:  0.19      14:  0.048     15: -0.074     16:  0.074     17: -0.034   
    0:  0         1: -1         2:  1         3: -0.14      4: -0.14      5: -0.87      6: -0.15      7: -0.15      8: -0.85      9: -0.15      10: -0.15      11: -0.51      12: -0.19      13: -0.19      14: -0.097     15: -0.074     16: -0.074     17: -0.068   
    0: -1         1:  0         2:  1         3:  0.8       4:  0.066     5:  0.066     6:  0.7       7: -0.0037    8: -0.0037    9:  0.32      10: -0.038     11: -0.038     12: -0.12      13: -0.024     14: -0.024     15: -0.057     16: -0.051     17: -0.051   
    0:  1         1:  0         2:  1         3: -1.1       4: -0.066     5:  0.066     6: -0.99      7:  0.0037    8: -0.0037    9: -0.62      10:  0.038     11: -0.038     12: -0.27      13:  0.024     14: -0.024     15: -0.091     16:  0.051     17: -0.051   
    0:  0         1:  1         2:  1         3: -0.14      4:  0.14      5:  1.1       6: -0.15      7:  0.15      8:  0.94      9: -0.15      10:  0.15      11:  0.53      12: -0.19      13:  0.19      14:  0.14      15: -0.074     16:  0.074     17:  0.062   
    0:  0         1: -1         2:  1         3: -0.14      4: -0.14      5: -0.78      6: -0.15      7: -0.15      8: -0.75      9: -0.15      10: -0.15      11: -0.41      12: -0.19      13: -0.19      14: -0.0016    15: -0.074     16: -0.074     17:  0.028   
    0: -1         1:  0         2:  1         3:  0.8       4:  0.16      5:  0.16      6:  0.7       7:  0.092     8:  0.092     9:  0.32      10:  0.058     11:  0.058     12: -0.12      13:  0.071     14:  0.071     15: -0.057     16:  0.045     17:  0.045   
    0:  1         1:  0         2:  1         3: -1.1       4: -0.16      5:  0.16      6: -0.99      7: -0.092     8:  0.092     9: -0.62      10: -0.058     11:  0.058     12: -0.27      13: -0.071     14:  0.071     15: -0.091     16: -0.045     17:  0.045   
    0:  0         1:  1         2:  1         3:  0.12      4: -0.12      5:  0.78      18:  0.11      19: -0.11      20:  0.76      21:  0.1       22: -0.1       23:  0.41      24:  0.061     25: -0.061     26: -0.0026  
    0:  0         1: -1         2:  1         3:  0.12      4:  0.12      5: -1.1       18:  0.11      19:  0.11      20: -0.94      21:  0.1       22:  0.1       23: -0.52      24:  0.061     25:  0.061     26: -0.14    
    0: -1         1:  0         2:  1         3:  1.1       4: -0.16      5: -0.16      18:  0.96      19: -0.092     20: -0.092     21:  0.57      22: -0.054     23: -0.054     24:  0.13      25: -0.069     26: -0.069   
    0:  1         1:  0         2:  1         3: -0.82      4:  0.16      5: -0.16      18: -0.74      19:  0.092     20: -0.092     21: -0.36      22:  0.054     23: -0.054     24: -0.006     25:  0.069     26: -0.069   
    0:  0         1:  1         2:  1         3:  0.12      4: -0.12      5:  0.88      18:  0.11      19: -0.11      20:  0.85      21:  0.1       22: -0.1       23:  0.51      24:  0.061     25: -0.061     26:  0.094   
    0:  0         1: -1         2:  1         3:  0.12      4:  0.12      5: -1         18:  0.11      19:  0.11      20: -0.84      21:  0.1       22:  0.1       23: -0.42      24:  0.061     25:  0.061     26: -0.04    
    0: -1         1:  0         2:  1         3:  1.1       4: -0.063     5: -0.063     18:  0.96      19:  0.0046    20:  0.0046    21:  0.57      22:  0.043     23:  0.043     24:  0.13      25:  0.027     26:  0.027   
    0:  1         1:  0         2:  1         3: -0.82      4:  0.063     5: -0.063     18: -0.74      19: -0.0046    20:  0.0046    21: -0.36      22: -0.043     23:  0.043     24: -0.006     25: -0.027     26:  0.027   
    0:  0         1:  1         2:  1         3: -0.057     4:  0.057     5:  0.78      18: -0.061     19:  0.061     20:  0.76      21: -0.07      22:  0.07      23:  0.41      24: -0.11      25:  0.11      26: -0.0026  
    0:  0         1: -1         2:  1         3: -0.057     4: -0.057     5: -1.1       18: -0.061     19: -0.061     20: -0.94      21: -0.07      22: -0.07      23: -0.52      24: -0.11      25: -0.11      26: -0.14    
    0: -1         1:  0         2:  1         3:  0.88      4: -0.16      5: -0.16      18:  0.79      19: -0.092     20: -0.092     21:  0.4       22: -0.054     23: -0.054     24: -0.045     25: -0.069     26: -0.069   
    0:  1         1:  0         2:  1         3: -0.99      4:  0.16      5: -0.16      18: -0.91      19:  0.092     20: -0.092     21: -0.54      22:  0.054     23: -0.054     24: -0.18      25:  0.069     26: -0.069   
    0:  0         1:  1         2:  1         3: -0.057     4:  0.057     5:  0.88      18: -0.061     19:  0.061     20:  0.85      21: -0.07      22:  0.07      23:  0.51      24: -0.11      25:  0.11      26:  0.094   
    0:  0         1: -1         2:  1         3: -0.057     4: -0.057     5: -1         18: -0.061     19: -0.061     20: -0.84      21: -0.07      22: -0.07      23: -0.42      24: -0.11      25: -0.11      26: -0.04    
    0: -1         1:  0         2:  1         3:  0.88      4: -0.063     5: -0.063     18:  0.79      19:  0.0046    20:  0.0046    21:  0.4       22:  0.043     23:  0.043     24: -0.045     25:  0.027     26:  0.027   
    0:  1         1:  0         2:  1         3: -0.99      4:  0.063     5: -0.063     18: -0.91      19: -0.0046    20:  0.0046    21: -0.54      22: -0.043     23:  0.043     24: -0.18      25: -0.027     26:  0.027   
    0:  0         1:  1         2:  1         3: -0.041     4:  0.041     5:  0.78      18: -0.046     19:  0.046     20:  0.76      21: -0.054     22:  0.054     23:  0.41      24: -0.097     25:  0.097     26: -0.0022    27:  0.027     28: -0.027     29: -0.025   
    0:  0         1: -1         2:  1         3: -0.041     4: -0.041     5: -1.1       18: -0.046     19: -0.046     20: -0.94      21: -0.054     22: -0.054     23: -0.52      24: -0.097     25: -0.097     26: -0.14      27:  0.027     28:  0.027     29: -0.062   
    0: -1         1:  0         2:  1         3:  0.9       4: -0.16      5: -0.16      18:  0.8       19: -0.092     20: -0.092     21:  0.41      22: -0.053     23: -0.053     24: -0.03      25: -0.069     26: -0.069     27:  0.045     28: -0.044     29: -0.044   
    0:  1         1:  0         2:  1         3: -0.98      4:  0.16      5: -0.16      18: -0.89      19:  0.092     20: -0.092     21: -0.52      22:  0.053     23: -0.053     24: -0.16      25:  0.069     26: -0.069     27:  0.0078    28:  0.044     29: -0.044   
    0:  0         1:  1         2:  1         3: -0.041     4:  0.041     5:  0.87      18: -0.046     19:  0.046     20:  0.85      21: -0.054     22:  0.054     23:  0.51      24: -0.097     25:  0.097     26:  0.094     27:  0.027     28: -0.027     29:  0.071   
    0:  0         1: -1         2:  1         3: -0.041     4: -0.041     5: -1         18: -0.046     19: -0.046     20: -0.84      21: -0.054     22: -0.054     23: -0.42      24: -0.097     25: -0.097     26: -0.04      27:  0.027     28:  0.027     29:  0.033   
    0: -1         1:  0         2:  1         3:  0.9       4: -0.064     5: -0.064     18:  0.8       19:  0.0042    20:  0.0042    21:  0.41      22:  0.042     23:  0.042     24: -0.03      25:  0.027     26:  0.027     27:  0.045     28:  0.052     29:  0.052   
    0:  1         1:  0         2:  1         3: -0.98      4:  0.064     5: -0.064     18: -0.89      19: -0.0042    20:  0.0042    21: -0.52      22: -0.042     23:  0.042     24: -0.16      25: -0.027     26:  0.027     27:  0.0078    28: -0.052     29:  0.052   
    0:  0         1:  1         2:  1         3: -0.14      4:  0.14      5:  0.78      18: -0.14      19:  0.14      20:  0.76      21: -0.15      22:  0.15      23:  0.41      24: -0.2       25:  0.2       26: -0.0022    27: -0.072     28:  0.072     29: -0.025   
    0:  0         1: -1         2:  1         3: -0.14      4: -0.14      5: -1.1       18: -0.14      19: -0.14      20: -0.94      21: -0.15      22: -0.15      23: -0.52      24: -0.2       25: -0.2       26: -0.14      27: -0.072     28: -0.072     29: -0.062   
    0: -1         1:  0         2:  1         3:  0.8       4: -0.16      5: -0.16      18:  0.7       19: -0.092     20: -0.092     21:  0.31      22: -0.053     23: -0.053     24: -0.13      25: -0.069     26: -0.069     27: -0.053     28: -0.044     29: -0.044   
    0:  1         1:  0         2:  1         3: -1.1       4:  0.16      5: -0.16      18: -0.99      19:  0.092     20: -0.092     21: -0.62      22:  0.053     23: -0.053     24: -0.26      25:  0.069     26: -0.069     27: -0.091     28:  0.044     29: -0.044   
    0:  0         1:  1         2:  1         3: -0.14      4:  0.14      5:  0.87      18: -0.14      19:  0.14      20:  0.85      21: -0.15      22:  0.15      23:  0.51      24: -0.2       25:  0.2       26:  0.094     27: -0.072     28:  0.072     29:  0.071   
    0:  0         1: -1         2:  1         3: -0.14      4: -0.14      5: -1         18: -0.14      19: -0.14      20: -0.84      21: -0.15      22: -0.15      23: -0.42      24: -0.2       25: -0.2       26: -0.04      27: -0.072     28: -0.072     29:  0.033   
    0: -1         1:  0         2:  1         3:  0.8       4: -0.064     5: -0.064     18:  0.7       19:  0.0042    20:  0.0042    21:  0.31      22:  0.042     23:  0.042     24: -0.13      25:  0.027     26:  0.027     27: -0.053     28:  0.052     29:  0.052   
    0:  1         1:  0         2:  1         3: -1.1       4:  0.064     5: -0.064     18: -0.99      19: -0.0042    20:  0.0042    21: -0.62      22: -0.042     23:  0.042     24: -0.26      25: -0.027     26:  0.027     27: -0.091     28: -0.052     29:  0.052   
    75:  1         76: -1         77: -0.05    
    75:  1         76:  1         77:  0.05    
    75:  1         76:  0         77:  0       
    75:  1         76:  0         77:  0       

EFC_POS
   0.0051  
   0.0051  
   0.0051  
   0.0051  
   0.0051  
   0.0051  
   0.0051  
   0.0051  
   0.0051  
   0.0051  
   0.0051  
   0.0051  
   0.0051  
   0.0051  
   0.0051  
   0.0051  
   0.0051  
   0.0051  
   0.0051  
   0.0051  
   0.0051  
   0.0051  
   0.0051  
   0.0051  
   0.0051  
   0.0051  
   0.0051  
   0.0051  
   0.0051  
   0.0051  
   0.0051  
   0.0051  
   0.0033  
   0.0033  
   0.0033  
   0.0033  
   0.0033  
   0.0033  
   0.0033  
   0.0033  
   0.0033  
   0.0033  
   0.0033  
   0.0033  
   0.0033  
   0.0033  
   0.0033  
   0.0033  
   0.0033  
   0.0033  
   0.0033  
   0.0033  
   0.0033  
   0.0033  
   0.0033  
   0.0033  
   0.0033  
   0.0033  
   0.0033  
   0.0033  
   0.0033  
   0.0033  
   0.0033  
   0.0033  
   4.2e-17 
   4.2e-17 
   4.2e-17 
   4.2e-17 

EFC_MARGIN
   0.01    
   0.01    
   0.01    
   0.01    
   0.01    
   0.01    
   0.01    
   0.01    
   0.01    
   0.01    
   0.01    
   0.01    
   0.01    
   0.01    
   0.01    
   0.01    
   0.01    
   0.01    
   0.01    
   0.01    
   0.01    
   0.01    
   0.01    
   0.01    
   0.01    
   0.01    
   0.01    
   0.01    
   0.01    
   0.01    
   0.01    
   0.01    
   0.01    
   0.01    
   0.01    
   0.01    
   0.01    
   0.01    
   0.01    
   0.01    
   0.01    
   0.01    
   0.01    
   0.01    
   0.01    
   0.01    
   0.01    
   0.01    
   0.01    
   0.01    
   0.01    
   0.01    
   0.01    
   0.01    
   0.01    
   0.01    
   0.01    
   0.01    
   0.01    
   0.01    
   0.01    
   0.01    
   0.01    
   0.01    
   0.01    
   0.01    
   0.01    
   0.01    

EFC_FRICTIONLOSS
   0       
   0       
   0       
   0       
   0       
   0       
   0       
   0       
   0       
   0       
   0       
   0       
   0       
   0       
   0       
   0       
   0       
   0       
   0       
   0       
   0       
   0       
   0       
   0       
   0       
   0       
   0       
   0       
   0       
   0       
   0       
   0       
   0       
   0       
   0       
   0       
   0       
   0       
   0       
   0       
   0       
   0       
   0       
   0       
   0       
   0       
   0       
   0       
   0       
   0       
   0       
   0       
   0       
   0       
   0       
   0       
   0       
   0       
   0       
   0       
   0       
   0       
   0       
   0       
   0       
   0       
   0       
   0       

EFC_DIAGAPPROX
   1.6     
   1.6     
   1.6     
   1.6     
   1.6     
   1.6     
   1.6     
   1.6     
   1.6     
   1.6     
   1.6     
   1.6     
   1.6     
   1.6     
   1.6     
   1.6     
   5.4     
   5.4     
   5.4     
   5.4     
   5.4     
   5.4     
   5.4     
   5.4     
   5.4     
   5.4     
   5.4     
   5.4     
   5.4     
   5.4     
   5.4     
   5.4     
   1.6     
   1.6     
   1.6     
   1.6     
   1.6     
   1.6     
   1.6     
   1.6     
   1.6     
   1.6     
   1.6     
   1.6     
   1.6     
   1.6     
   1.6     
   1.6     
   5.3     
   5.3     
   5.3     
   5.3     
   5.3     
   5.3     
   5.3     
   5.3     
   5.3     
   5.3     
   5.3     
   5.3     
   5.3     
   5.3     
   5.3     
   5.3     
   40      
   40      
   40      
   40      

EFC_KBIP
   2.8e+03   1.1e+02   0.56     -1.1e+02 
   2.8e+03   1.1e+02   0.56     -1.1e+02 
   2.8e+03   1.1e+02   0.56     -1.1e+02 
   2.8e+03   1.1e+02   0.56     -1.1e+02 
   2.8e+03   1.1e+02   0.56     -1.1e+02 
   2.8e+03   1.1e+02   0.56     -1.1e+02 
   2.8e+03   1.1e+02   0.56     -1.1e+02 
   2.8e+03   1.1e+02   0.56     -1.1e+02 
   2.8e+03   1.1e+02   0.56     -1.1e+02 
   2.8e+03   1.1e+02   0.56     -1.1e+02 
   2.8e+03   1.1e+02   0.56     -1.1e+02 
   2.8e+03   1.1e+02   0.56     -1.1e+02 
   2.8e+03   1.1e+02   0.56     -1.1e+02 
   2.8e+03   1.1e+02   0.56     -1.1e+02 
   2.8e+03   1.1e+02   0.56     -1.1e+02 
   2.8e+03   1.1e+02   0.56     -1.1e+02 
   2.8e+03   1.1e+02   0.56     -1.1e+02 
   2.8e+03   1.1e+02   0.56     -1.1e+02 
   2.8e+03   1.1e+02   0.56     -1.1e+02 
   2.8e+03   1.1e+02   0.56     -1.1e+02 
   2.8e+03   1.1e+02   0.56     -1.1e+02 
   2.8e+03   1.1e+02   0.56     -1.1e+02 
   2.8e+03   1.1e+02   0.56     -1.1e+02 
   2.8e+03   1.1e+02   0.56     -1.1e+02 
   2.8e+03   1.1e+02   0.56     -1.1e+02 
   2.8e+03   1.1e+02   0.56     -1.1e+02 
   2.8e+03   1.1e+02   0.56     -1.1e+02 
   2.8e+03   1.1e+02   0.56     -1.1e+02 
   2.8e+03   1.1e+02   0.56     -1.1e+02 
   2.8e+03   1.1e+02   0.56     -1.1e+02 
   2.8e+03   1.1e+02   0.56     -1.1e+02 
   2.8e+03   1.1e+02   0.56     -1.1e+02 
   2.8e+03   1.1e+02   0.75     -91      
   2.8e+03   1.1e+02   0.75     -91      
   2.8e+03   1.1e+02   0.75     -91      
   2.8e+03   1.1e+02   0.75     -91      
   2.8e+03   1.1e+02   0.75     -91      
   2.8e+03   1.1e+02   0.75     -91      
   2.8e+03   1.1e+02   0.75     -91      
   2.8e+03   1.1e+02   0.75     -91      
   2.8e+03   1.1e+02   0.75     -91      
   2.8e+03   1.1e+02   0.75     -91      
   2.8e+03   1.1e+02   0.75     -91      
   2.8e+03   1.1e+02   0.75     -91      
   2.8e+03   1.1e+02   0.75     -91      
   2.8e+03   1.1e+02   0.75     -91      
   2.8e+03   1.1e+02   0.75     -91      
   2.8e+03   1.1e+02   0.75     -91      
   2.8e+03   1.1e+02   0.75     -91      
   2.8e+03   1.1e+02   0.75     -91      
   2.8e+03   1.1e+02   0.75     -91      
   2.8e+03   1.1e+02   0.75     -91      
   2.8e+03   1.1e+02   0.75     -91      
   2.8e+03   1.1e+02   0.75     -91      
   2.8e+03   1.1e+02   0.75     -91      
   2.8e+03   1.1e+02   0.75     -91      
   2.8e+03   1.1e+02   0.75     -91      
   2.8e+03   1.1e+02   0.75     -91      
   2.8e+03   1.1e+02   0.75     -91      
   2.8e+03   1.1e+02   0.75     -91      
   2.8e+03   1.1e+02   0.75     -91      
   2.8e+03   1.1e+02   0.75     -91      
   2.8e+03   1.1e+02   0.75     -91      
   2.8e+03   1.1e+02   0.75     -91      
   2.8e+03   1.1e+02   0.95     -1e-05   
   2.8e+03   1.1e+02   0.95     -1e-05   
   2.8e+03   1.1e+02   0.95     -1e-05   
   2.8e+03   1.1e+02   0.95     -1e-05   

EFC_D
   0.79    
   0.79    
   0.79    
   0.79    
   0.79    
   0.79    
   0.79    
   0.79    
   0.79    
   0.79    
   0.79    
   0.79    
   0.79    
   0.79    
   0.79    
   0.79    
   0.24    
   0.24    
   0.24    
   0.24    
   0.24    
   0.24    
   0.24    
   0.24    
   0.24    
   0.24    
   0.24    
   0.24    
   0.24    
   0.24    
   0.24    
   0.24    
   1.9     
   1.9     
   1.9     
   1.9     
   1.9     
   1.9     
   1.9     
   1.9     
   1.9     
   1.9     
   1.9     
   1.9     
   1.9     
   1.9     
   1.9     
   1.9     
   0.56    
   0.56    
   0.56    
   0.56    
   0.56    
   0.56    
   0.56    
   0.56    
   0.56    
   0.56    
   0.56    
   0.56    
   0.56    
   0.56    
   0.56    
   0.56    
   0.48    
   0.48    
   0.48    
   0.48    

EFC_R
   1.3     
   1.3     
   1.3     
   1.3     
   1.3     
   1.3     
   1.3     
   1.3     
   1.3     
   1.3     
   1.3     
   1.3     
   1.3     
   1.3     
   1.3     
   1.3     
   4.1     
   4.1     
   4.1     
   4.1     
   4.1     
   4.1     
   4.1     
   4.1     
   4.1     
   4.1     
   4.1     
   4.1     
   4.1     
   4.1     
   4.1     
   4.1     
   0.53    
   0.53    
   0.53    
   0.53    
   0.53    
   0.53    
   0.53    
   0.53    
   0.53    
   0.53    
   0.53    
   0.53    
   0.53    
   0.53    
   0.53    
   0.53    
   1.8     
   1.8     
   1.8     
   1.8     
   1.8     
   1.8     
   1.8     
   1.8     
   1.8     
   1.8     
   1.8     
   1.8     
   1.8     
   1.8     
   1.8     
   1.8     
   2.1     
   2.1     
   2.1     
   2.1     

ACTUATOR_VELOCITY
   0       
   0       
   0       
   0       
   0       
   0       
   0       
   0       
   0       
   0       
   0       
   0       
   0       
   0       
   0       
   0       
   0       
   0       
   0       
   0       
   0       
   0       
   0       
   0       
   0       
   0       
   0       
   0       
   0       
   0       
   0       
   0       
   0       
   0       
   0       
   0       
   0       
   0       
   0       
   0       
   0       
   0       
   0       
   0       
   0       
   0       
   0       
   0       
   0       
   0       
   0       
   0       
   0       
   0       
   0       
   0       
   0       
   0       
   0       
   0       
   0       
   0       
   0       
   0       
   0       
   0       
   0       
   0       
   0       
   0       
   0       

CVEL
   0         0         0         0         0         0       
   0         0         0         0         0         0       
   0         0         0         0         0         0       
   0         0         0         0         0         0       
   0         0         0         0         0         0       
   0         0         0         0         0         0       
   0         0         0         0         0         0       
   0         0         0         0         0         0       
   0         0         0         0         0         0       
   0         0         0         0         0         0       
   0         0         0         0         0         0       
   0         0         0         0         0         0       
   0         0         0         0         0         0       
   0         0         0         0         0         0       
   0         0         0         0         0         0       
   0         0         0         0         0         0       
   0         0         0         0         0         0       
   0         0         0         0         0         0       
   0         0         0         0         0         0       
   0         0         0         0         0         0       
   0         0         0         0         0         0       
   0         0         0         0         0         0       
   0         0         0         0         0         0       
   0         0         0         0         0         0       
   0         0         0         0         0         0       
   0         0         0         0         0         0       
   0         0         0         0         0         0       
   0         0         0         0         0         0       
   0         0         0         0         0         0       
   0         0         0         0         0         0       

CDOF_DOT
   0         0         0         0         0         0       
   0         0         0         0         0         0       
   0         0         0         0         0         0       
   0         0         0         0         0         0       
   0         0         0         0         0         0       
   0         0         0         0         0         0       
   0         0         0         0         0         0       
   0         0         0         0         0         0       
   0         0         0         0         0         0       
   0         0         0         0         0         0       
   0         0         0         0         0         0       
   0         0         0         0         0         0       
   0         0         0         0         0         0       
   0         0         0         0         0         0       
   0         0         0         0         0         0       
   0         0         0         0         0         0       
   0         0         0         0         0         0       
   0         0         0         0         0         0       
   0         0         0         0         0         0       
   0         0         0         0         0         0       
   0         0         0         0         0         0       
   0         0         0         0         0         0       
   0         0         0         0         0         0       
   0         0         0         0         0         0       
   0         0         0         0         0         0       
   0         0         0         0         0         0       
   0         0         0         0         0         0       
   0         0         0         0         0         0       
   0         0         0         0         0         0       
   0         0         0         0         0         0       
   0         0         0         0         0         0       
   0         0         0         0         0         0       
   0         0         0         0         0         0       
   0         0         0         0         0         0       
   0         0         0         0         0         0       
   0         0         0         0         0         0       
   0         0         0         0         0         0       
   0         0         0         0         0         0       
   0         0         0         0         0         0       
   0         0         0         0         0         0       
   0         0         0         0         0         0       
   0         0         0         0         0         0       
   0         0         0         0         0         0       
   0         0         0         0         0         0       
   0         0         0         0         0         0       
   0         0         0         0         0         0       
   0         0         0         0         0         0       
   0         0         0         0         0         0       
   0         0         0         0         0         0       
   0         0         0         0         0         0       
   0         0         0         0         0         0       
   0         0         0         0         0         0       
   0         0         0         0         0         0       
   0         0         0         0         0         0       
   0         0         0         0         0         0       
   0         0         0         0         0         0       
   0         0         0         0         0         0       
   0         0         0         0         0         0       
   0         0         0         0         0         0       
   0         0         0         0         0         0       
   0         0         0         0         0         0       
   0         0         0         0         0         0       
   0         0         0         0         0         0       
   0         0         0         0         0         0       
   0         0         0         0         0         0       
   0         0         0         0         0         0       
   0         0         0         0         0         0       
   0         0         0         0         0         0       
   0         0         0         0         0         0       
   0         0         0         0         0         0       
   0         0         0         0         0         0       
   0         0         0         0         0         0       
   0         0         0         0         0         0       
   0         0         0         0         0         0       
   0         0         0         0         0         0       
   0         0         0         0         0         0       
   0         0         0         0         0         0       
   0         0         0         0         0         0       

QFRC_BIAS
   0       
   0       
   7e+02   
   14      
   0       
   0.26    
   1.1     
   0       
   2.6     
   0.73    
   0       
  -0.16    
  -0.39    
   0       
   0.19    
  -0.039   
   0       
  -0.0047  
   1.4     
   0       
  -2.8     
   0.68    
   0       
   0.23    
  -0.41    
   0       
  -0.18    
  -0.037   
   0       
   0.0068  
   0.67    
   0       
   0.98    
   1       
   0       
  -0.63    
   7.4     
   0       
  -1       
  -1.8     
   0       
   0.059   
   0.49    
   0       
  -0.18    
   1.1     
   0       
   13      
   0.73    
   0       
   9       
   0.065   
   0       
   2.7     
   0.054   
   0       
   0.33    
   0.0091  
   0       
   0.077   
   1       
   0       
  -13      
   0.64    
   0       
  -9.3     
   0.1     
   0       
  -2.9     
   0.046   
   0       
  -0.34    
   0.013   
   0       
  -0.075   
   0.56    
   0       
   0       

QFRC_SPRING
   0       
   0       
   0       
   0       
   0       
   0       
   0       
   0       
   0       
   0       
   0       
   0       
   0       
   0       
   0       
   0       
   0       
   0       
   0       
   0       
   0       
   0       
   0       
   0       
   0       
   0       
   0       
   0       
   0       
   0       
   0       
   0       
   0       
   0       
   0       
   0       
   0       
   0       
   0       
   0       
   0       
   0       
   0       
   0       
   0       
  -0       
  -0       
  -0       
  -0       
  -0       
  -0       
   0       
   0       
   0       
   0       
   0       
   0       
   0       
   0       
   0       
  -0       
  -0       
  -0       
  -0       
  -0       
  -0       
   0       
   0       
   0       
   0       
   0       
   0       
   0       
   0       
   0       
   0       
   0       
   0       

QFRC_DAMPER
   0       
   0       
   0       
   0       
   0       
   0       
   0       
   0       
   0       
   0       
   0       
   0       
   0       
   0       
   0       
   0       
   0       
   0       
   0       
   0       
   0       
   0       
   0       
   0       
   0       
   0       
   0       
   0       
   0       
   0       
   0       
   0       
   0       
   0       
   0       
   0       
   0       
   0       
   0       
   0       
   0       
   0       
   0       
   0       
   0       
  -0       
  -0       
  -0       
  -0       
  -0       
  -0       
   0       
   0       
   0       
   0       
   0       
   0       
   0       
   0       
   0       
  -0       
  -0       
  -0       
  -0       
  -0       
  -0       
   0       
   0       
   0       
   0       
   0       
   0       
   0       
   0       
   0       
   0       
   0       
   0       

QFRC_GRAVCOMP
   0       
   0       
   0       
   0       
   0       
   0       
   0       
   0       
   0       
   0       
   0       
   0       
   0       
   0       
   0       
   0       
   0       
   0       
   0       
   0       
   0       
   0       
   0       
   0       
   0       
   0       
   0       
   0       
   0       
   0       
   0       
   0       
   0       
   0       
   0       
   0       
   0       
   0       
   0       
   0       
   0       
   0       
   0       
   0       
   0       
   0       
   0       
   0       
   0       
   0       
   0       
   0       
   0       
   0       
   0       
   0       
   0       
   0       
   0       
   0       
   0       
   0       
   0       
   0       
   0       
   0       
   0       
   0       
   0       
   0       
   0       
   0       
   0       
   0       
   0       
   0       
   0       
   0       

QFRC_FLUID
   0       
   0       
   0       
   0       
   0       
   0       
   0       
   0       
   0       
   0       
   0       
   0       
   0       
   0       
   0       
   0       
   0       
   0       
   0       
   0       
   0       
   0       
   0       
   0       
   0       
   0       
   0       
   0       
   0       
   0       
   0       
   0       
   0       
   0       
   0       
   0       
   0       
   0       
   0       
   0       
   0       
   0       
   0       
   0       
   0       
   0       
   0       
   0       
   0       
   0       
   0       
   0       
   0       
   0       
   0       
   0       
   0       
   0       
   0       
   0       
   0       
   0       
   0       
   0       
   0       
   0       
   0       
   0       
   0       
   0       
   0       
   0       
   0       
   0       
   0       
   0       
   0       
   0       

QFRC_PASSIVE
   0       
   0       
   0       
   0       
   0       
   0       
   0       
   0       
   0       
   0       
   0       
   0       
   0       
   0       
   0       
   0       
   0       
   0       
   0       
   0       
   0       
   0       
   0       
   0       
   0       
   0       
   0       
   0       
   0       
   0       
   0       
   0       
   0       
   0       
   0       
   0       
   0       
   0       
   0       
   0       
   0       
   0       
   0       
   0       
   0       
  -0       
  -0       
  -0       
  -0       
  -0       
  -0       
   0       
   0       
   0       
   0       
   0       
   0       
   0       
   0       
   0       
  -0       
  -0       
  -0       
  -0       
  -0       
  -0       
   0       
   0       
   0       
   0       
   0       
   0       
   0       
   0       
   0       
   0       
   0       
   0       

EFC_VEL
   0       
   0       
   0       
   0       
   0       
   0       
   0       
   0       
   0       
   0       
   0       
   0       
   0       
   0       
   0       
   0       
   0       
   0       
   0       
   0       
   0       
   0       
   0       
   0       
   0       
   0       
   0       
   0       
   0       
   0       
   0       
   0       
   0       
   0       
   0       
   0       
   0       
   0       
   0       
   0       
   0       
   0       
   0       
   0       
   0       
   0       
   0       
   0       
   0       
   0       
   0       
   0       
   0       
   0       
   0       
   0       
   0       
   0       
   0       
   0       
   0       
   0       
   0       
   0       
   0       
   0       
   0       
   0       

EFC_AREF
   7.7     
   7.7     
   7.7     
   7.7     
   7.7     
   7.7     
   7.7     
   7.7     
   7.7     
   7.7     
   7.7     
   7.7     
   7.7     
   7.7     
   7.7     
   7.7     
   7.7     
   7.7     
   7.7     
   7.7     
   7.7     
   7.7     
   7.7     
   7.7     
   7.7     
   7.7     
   7.7     
   7.7     
   7.7     
   7.7     
   7.7     
   7.7     
   14      
   14      
   14      
   14      
   14      
   14      
   14      
   14      
   14      
   14      
   14      
   14      
   14      
   14      
   14      
   14      
   14      
   14      
   14      
   14      
   14      
   14      
   14      
   14      
   14      
   14      
   14      
   14      
   14      
   14      
   14      
   14      
   26      
   26      
   26      
   26      

SUBTREE_LINVEL
   0         0         0       
   0         0         0       
   0         0         0       
   0         0         0       
   0         0         0       
   0         0         0       
   0         0         0       
   0         0         0       
   0         0         0       
   0         0         0       
   0         0         0       
   0         0         0       
   0         0         0       
   0         0         0       
   0         0         0       
   0         0         0       
   0         0         0       
   0         0         0       
   0         0         0       
   0         0         0       
   0         0         0       
   0         0         0       
   0         0         0       
   0         0         0       
   0         0         0       
   0         0         0       
   0         0         0       
   0         0         0       
   0         0         0       
   0         0         0       

SUBTREE_ANGMOM
   0         0         0       
   0         0         0       
   0         0         0       
   0         0         0       
   0         0         0       
   0         0         0       
   0         0         0       
   0         0         0       
   0         0         0       
   0         0         0       
   0         0         0       
   0         0         0       
   0         0         0       
   0         0         0       
   0         0         0       
   0         0         0       
   0         0         0       
   0         0         0       
   0         0         0       
   0         0         0       
   0         0         0       
   0         0         0       
   0         0         0       
   0         0         0       
   0         0         0       
   0         0         0       
   0         0         0       
   0         0         0       
   0         0         0       
   0         0         0       

ACTUATOR_FORCE
   0       
   0       
   0       
   0       
   0       
   0       
   0       
   0       
   0       
   0       
   0       
   0       
   0       
   0       
   0       
   0       
   0       
   0       
   0       
   0       
   0       
   0       
   0       
   0       
   0       
   0       
   0       
   0       
   0       
   0       
   0       
   0       
   0       
   0       
   0       
   0       
   0       
   0       
   0       
   0       
   0       
   0       
   0       
   0       
   0       
   0       
   0       
   0       
   0       
   0       
   0       
   0       
   0       
   0       
   0       
   0       
   0       
   0       
   0       
   0       
   0       
   0       
   0       
   0       
   0       
   0       
   0       
   0       
   0       
   0       
   0       

QFRC_ACTUATOR
   0       
   0       
   0       
   0       
   0       
   0       
   0       
   0       
   0       
   0       
   0       
   0       
   0       
   0       
   0       
   0       
   0       
   0       
   0       
   0       
   0       
   0       
   0       
   0       
   0       
   0       
   0       
   0       
   0       
   0       
   0       
   0       
   0       
   0       
   0       
   0       
   0       
   0       
   0       
   0       
   0       
   0       
   0       
   0       
   0       
   0       
   0       
   0       
   0       
   0       
   0       
   0       
   0       
   0       
   0       
   0       
   0       
   0       
   0       
   0       
   0       
   0       
   0       
   0       
   0       
   0       
   0       
   0       
   0       
   0       
   0       
   0       
   0       
   0       
   0       
   0       
   0       
   0       

QFRC_SMOOTH
   0       
   0       
  -7e+02   
  -14      
   0       
  -0.26    
  -1.1     
   0       
  -2.6     
  -0.73    
   0       
   0.16    
   0.39    
   0       
  -0.19    
   0.039   
   0       
   0.0047  
  -1.4     
   0       
   2.8     
  -0.68    
   0       
  -0.23    
   0.41    
   0       
   0.18    
   0.037   
   0       
  -0.0068  
  -0.67    
   0       
  -0.98    
  -1       
   0       
   0.63    
  -7.4     
   0       
   1       
   1.8     
   0       
  -0.059   
  -0.49    
   0       
   0.18    
  -1.1     
   0       
  -13      
  -0.73    
   0       
  -9       
  -0.065   
   0       
  -2.7     
  -0.054   
   0       
  -0.33    
  -0.0091  
   0       
  -0.077   
  -1       
   0       
   13      
  -0.64    
   0       
   9.3     
  -0.1     
   0       
   2.9     
  -0.046   
   0       
   0.34    
  -0.013   
   0       
   0.075   
  -0.56    
   0       
   0       

QACC_SMOOTH
   7.9e-16 
  -2.8e-15 
  -9.8     
   4.4e-14 
   4e-15   
   4.5e-14 
  -5.4e-14 
  -5.7e-15 
  -4e-14   
   1.3e-14 
   2.5e-17 
  -1.7e-14 
  -2.7e-14 
   6.9e-15 
  -3.4e-15 
  -6.8e-17 
   5.8e-16 
   3.7e-16 
  -5.3e-14 
  -3.5e-16 
  -6e-14   
   1.6e-14 
  -4.2e-15 
   3.2e-14 
  -3.1e-14 
  -4.7e-15 
  -1.5e-14 
  -2.3e-15 
  -5.6e-16 
   3.9e-15 
  -6.5e-14 
  -8.8e-15 
  -1.5e-13 
  -6.3e-14 
  -1.7e-14 
   1.6e-13 
   1.1e-13 
   2.3e-14 
  -1.1e-14 
  -6.1e-14 
   1.7e-14 
  -4.2e-14 
   3.3e-14 
  -1.3e-14 
  -1.1e-14 
  -4.1e-14 
   1.6e-16 
  -3e-14   
   6.5e-15 
  -6.4e-16 
   1.5e-14 
   8.5e-15 
  -2.7e-16 
  -2.9e-14 
  -1.6e-15 
  -2.3e-16 
   4.8e-16 
  -4.6e-16 
  -3.7e-17 
  -2.7e-15 
  -1.6e-14 
  -4.2e-15 
  -1.2e-13 
  -2.1e-14 
   4.8e-16 
   9.3e-14 
   3.5e-15 
   1.7e-15 
  -1.5e-14 
   6.8e-15 
   1.2e-15 
  -4.2e-14 
   4.6e-16 
   2.9e-16 
  -1.7e-15 
  -8.3     
   0       
   0       

EFC_B
  -17      
  -17      
  -17      
  -17      
  -17      
  -17      
  -17      
  -17      
  -17      
  -17      
  -17      
  -17      
  -17      
  -17      
  -17      
  -17      
  -17      
  -17      
  -17      
  -17      
  -17      
  -17      
  -17      
  -17      
  -17      
  -17      
  -17      
  -17      
  -17      
  -17      
  -17      
  -17      
  -24      
  -24      
  -24      
  -24      
  -24      
  -24      
  -24      
  -24      
  -24      
  -24      
  -24      
  -24      
  -24      
  -24      
  -24      
  -24      
  -24      
  -24      
  -24      
  -24      
  -24      
  -24      
  -24      
  -24      
  -24      
  -24      
  -24      
  -24      
  -24      
  -24      
  -24      
  -24      
  -35      
  -35      
  -35      
  -35      

EFC_FORCE
   11      
   12      
   11      
   12      
   7.2     
   8.1     
   7.2     
   8.1     
   6       
   6.5     
   5.7     
   6.9     
   1.8     
   2.3     
   1.6     
   2.6     
   1.7     
   1.6     
   1.5     
   1.9     
   1.1     
   1       
   0.88    
   1.2     
   0.82    
   0.74    
   0.61    
   0.95    
   0.19    
   0.11    
   0       
   0.33    
   19      
   19      
   17      
   21      
   32      
   32      
   30      
   34      
   2.9     
   3       
   0.63    
   5.3     
   16      
   16      
   14      
   19      
   1.8     
   3       
   1.5     
   3.3     
   3       
   4.3     
   3       
   4.3     
   0       
   0.56    
   0       
   1.1     
   1.1     
   1.8     
   0.82    
   2.1     
   0.56    
   0.56    
   0.56    
   0.56    

EFC_STATE
  1
  1
  1
  1
  1
  1
  1
  1
  1
  1
  1
  1
  1
  1
  1
  1
  1
  1
  1
  1
  1
  1
  1
  1
  1
  1
  1
  1
  1
  1
  0
  1
  1
  1
  1
  1
  1
  1
  1
  1
  1
  1
  1
  1
  1
  1
  1
  1
  1
  1
  1
  1
  1
  1
  1
  1
  0
  1
  0
  1
  1
  1
  1
  1
  1
  1
  1
  1

QFRC_CONSTRAINT
   29      
  -7.2     
   4.4e+02 
  -3.8     
   2       
  -24      
   0.65    
  -0.07    
   1.8     
   2.2     
   0.11    
  -1.7     
  -1.1     
  -0.059   
   0.92    
  -0.029   
   0.012   
  -0.28    
  -4       
   0.87    
  -12      
   2.3     
  -0.08    
   1.6     
  -1.6     
   0.081   
  -1.4     
   0.0049  
  -0.035   
   0.5     
   0       
   0       
   0       
   0       
   0       
   0       
   0       
   0       
   0       
   0       
   0       
   0       
   0       
   0       
   0       
   0       
   0       
   0       
   0       
   0       
   0       
   0       
   0       
   0       
   0       
   0       
   0       
   0       
   0       
   0       
   0       
   0       
   0       
   0       
   0       
   0       
   0       
   0       
   0       
   0       
   0       
   0       
   0       
   0       
   0       
   2.2     
   0       
   0       

QFRC_INVERSE
   0       
   0       
   0       
   0       
   0       
   0       
   0       
   0       
   0       
   0       
   0       
   0       
   0       
   0       
   0       
   0       
   0       
   0       
   0       
   0       
   0       
   0       
   0       
   0       
   0       
   0       
   0       
   0       
   0       
   0       
   0       
   0       
   0       
   0       
   0       
   0       
   0       
   0       
   0       
   0       
   0       
   0       
   0       
   0       
   0       
   0       
   0       
   0       
   0       
   0       
   0       
   0       
   0       
   0       
   0       
   0       
   0       
   0       
   0       
   0       
   0       
   0       
   0       
   0       
   0       
   0       
   0       
   0       
   0       
   0       
   0       
   0       
   0       
   0       
   0       
   0       
   0       
   0       

CACC
   0         0         0         0         0         0       
   0         0         0         0         0         0       
   0         0         0         0         0         0       
   0         0         0         0         0         0       
   0         0         0         0         0         0       
   0         0         0         0         0         0       
   0         0         0         0         0         0       
   0         0         0         0         0         0       
   0         0         0         0         0         0       
   0         0         0         0         0         0       
   0         0         0         0         0         0       
   0         0         0         0         0         0       
   0         0         0         0         0         0       
   0         0         0         0         0         0       
   0         0         0         0         0         0       
   0         0         0         0         0         0       
   0         0         0         0         0         0       
   0         0         0         0         0         0       
   0         0         0         0         0         0       
   0         0         0         0         0         0       
   0         0         0         0         0         0       
   0         0         0         0         0         0       
   0         0         0         0         0         0       
   0         0         0         0         0         0       
   0         0         0         0         0         0       
   0         0         0         0         0         0       
   0         0         0         0         0         0       
   0         0         0         0         0         0       
   0         0         0         0         0         0       
   0         0         0         0         0         0       

CFRC_INT
   0         0         0         0         0         0       
   0         0         0         0         0         0       
   0         0         0         0         0         0       
   0         0         0         0         0         0       
   0         0         0         0         0         0       
   0         0         0         0         0         0       
   0         0         0         0         0         0       
   0         0         0         0         0         0       
   0         0         0         0         0         0       
   0         0         0         0         0         0       
   0         0         0         0         0         0       
   0         0         0         0         0         0       
   0         0         0         0         0         0       
   0         0         0         0         0         0       
   0         0         0         0         0         0       
   0         0         0         0         0         0       
   0         0         0         0         0         0       
   0         0         0         0         0         0       
   0         0         0         0         0         0       
   0         0         0         0         0         0       
   0         0         0         0         0         0       
   0         0         0         0         0         0       
   0         0         0         0         0         0       
   0         0         0         0         0         0       
   0         0         0         0         0         0       
   0         0         0         0         0         0       
   0         0         0         0         0         0       
   0         0         0         0         0         0       
   0         0         0         0         0         0       
   0         0         0         0         0         0       

CFRC_EXT
   0         0         0         0         0         0       
   0         0         0         0         0         0       
   0         0         0         0         0         0       
   0         0         0         0         0         0       
   0         0         0         0         0         0       
   0         0         0         0         0         0       
   0         0         0         0         0         0       
   0         0         0         0         0         0       
   0         0         0         0         0         0       
   0         0         0         0         0         0       
   0         0         0         0         0         0       
   0         0         0         0         0         0       
   0         0         0         0         0         0       
   0         0         0         0         0         0       
   0         0         0         0         0         0       
   0         0         0         0         0         0       
   0         0         0         0         0         0       
   0         0         0         0         0         0       
   0         0         0         0         0         0       
   0         0         0         0         0         0       
   0         0         0         0         0         0       
   0         0         0         0         0         0       
   0         0         0         0         0         0       
   0         0         0         0         0         0       
   0         0         0         0         0         0       
   0         0         0         0         0         0       
   0         0         0         0         0         0       
   0         0         0         0         0         0       
   0         0         0         0         0         0       
   0         0         0         0         0         0       

